,Entity,Code,Year,%_Depressive_disorders_males,%_Depressive_disorders_females,Total_population
0,Algeria,DZA,1990,3.05556362777,4.39282700382,25758872.0
1,Algeria,DZA,1991,3.04183374186,4.37814214904,26400468.0
2,Algeria,DZA,1992,3.03088720003,4.36695715257,27028330.0
3,Algeria,DZA,1993,3.02066660661,4.35350611879,27635517.0
4,Algeria,DZA,1994,3.0098504308500003,4.34602055566,28213777.0
5,Algeria,DZA,1995,3.00392621887,4.34037340334,28757788.0
6,Algeria,DZA,1996,2.99948121389,4.33564732938,29266415.0
7,Algeria,DZA,1997,2.99558795738,4.33016413366,29742980.0
8,Algeria,DZA,1998,2.99284296705,4.32627015245,30192750.0
9,Algeria,DZA,1999,2.98956013759,4.321816666,30623406.0
10,Algeria,DZA,2000,2.98836182257,4.31999834899,31042238.0
11,Algeria,DZA,2001,2.9852831602400003,4.32099523783,31451513.0
12,Algeria,DZA,2002,2.98503439774,4.32401465954,31855110.0
13,Algeria,DZA,2003,2.98349164962,4.32673977131,32264159.0
14,Algeria,DZA,2004,2.98120210183,4.32966717077,32692153.0
15,Algeria,DZA,2005,2.97795574147,4.33064480416,33149720.0
16,Algeria,DZA,2006,2.96978231431,4.32570211363,33641007.0
17,Algeria,DZA,2007,2.95630401079,4.316816091060001,34166976.0
18,Algeria,DZA,2008,2.94051353493,4.30460552233,34730604.0
19,Algeria,DZA,2009,2.92827214737,4.29919364329,35333882.0
20,Algeria,DZA,2010,2.9245571986,4.29601249325,35977451.0
21,Algeria,DZA,2011,2.92678616678,4.29818058423,36661438.0
22,Algeria,DZA,2012,2.92879504398,4.2992129809,37383899.0
23,Algeria,DZA,2013,2.93490030605,4.30490452252,38140135.0
24,Algeria,DZA,2014,2.9391424607200003,4.3149272965900005,38923688.0
25,Algeria,DZA,2015,2.94785647898,4.32134854739,39728020.0
26,Algeria,DZA,2016,2.95826677814,4.3327262893,40551398.0
27,Algeria,DZA,2017,2.97071199222,4.34682306485,41389174.0
28,Angola,AGO,1990,3.72392778479,4.65011274685,11848385.0
29,Angola,AGO,1991,3.72464336227,4.662197176039999,12248901.0
30,Angola,AGO,1992,3.7256446476,4.672749242689999,12657361.0
31,Angola,AGO,1993,3.72786848504,4.68156265778,13075044.0
32,Angola,AGO,1994,3.72713947466,4.6887194191,13503753.0
33,Angola,AGO,1995,3.72591137654,4.69151812538,13945205.0
34,Angola,AGO,1996,3.72175656254,4.69394548425,14400722.0
35,Angola,AGO,1997,3.70941875779,4.69649078104,14871572.0
36,Angola,AGO,1998,3.70151774645,4.69760258373,15359600.0
37,Angola,AGO,1999,3.68728327539,4.6965335791700005,15866871.0
38,Angola,AGO,2000,3.68025955797,4.69847699516,16395477.0
39,Angola,AGO,2001,3.67276083481,4.69996923145,16945753.0
40,Angola,AGO,2002,3.66656993884,4.69616880221,17519418.0
41,Angola,AGO,2003,3.66030214903,4.69479634914,18121477.0
42,Angola,AGO,2004,3.654709849470001,4.6890504895300005,18758138.0
43,Angola,AGO,2005,3.64768719233,4.68597331252,19433604.0
44,Angola,AGO,2006,3.64125890343,4.68224668595,20149905.0
45,Angola,AGO,2007,3.62956460749,4.67333855036,20905360.0
46,Angola,AGO,2008,3.61962583519,4.66510385527,21695636.0
47,Angola,AGO,2009,3.60889699071,4.65463520771,22514275.0
48,Angola,AGO,2010,3.60766784926,4.648721775149999,23356247.0
49,Angola,AGO,2011,3.60463072823,4.64956116008,24220660.0
50,Angola,AGO,2012,3.60430093709,4.6478367746,25107925.0
51,Angola,AGO,2013,3.60656896558,4.64893553183,26015786.0
52,Angola,AGO,2014,3.60230406056,4.64707032317,26941773.0
53,Angola,AGO,2015,3.60592554472,4.6457284987800005,27884380.0
54,Angola,AGO,2016,3.60449544858,4.6439458378200005,28842482.0
55,Angola,AGO,2017,3.60689811984,4.64525019476,29816769.0
56,Benin,BEN,1990,2.78146308056,4.20613430937,4978489.0
57,Benin,BEN,1991,2.78560159202,4.21304894876,5149496.0
58,Benin,BEN,1992,2.78919290402,4.21569527559,5331805.0
59,Benin,BEN,1993,2.79551111926,4.21737500575,5521761.0
60,Benin,BEN,1994,2.79897836411,4.22116831357,5714215.0
61,Benin,BEN,1995,2.80356645802,4.22286438645,5905552.0
62,Benin,BEN,1996,2.81554881722,4.22842496169,6094272.0
63,Benin,BEN,1997,2.82363988325,4.23305157301,6281644.0
64,Benin,BEN,1998,2.83232487722,4.23974279922,6470275.0
65,Benin,BEN,1999,2.84168352028,4.24479254571,6664102.0
66,Benin,BEN,2000,2.85006075124,4.24989894433,6865946.0
67,Benin,BEN,2001,2.85748761119,4.25211349863,7076728.0
68,Benin,BEN,2002,2.8653784199800003,4.25746620506,7295400.0
69,Benin,BEN,2003,2.87338637235,4.2587905896,7520556.0
70,Benin,BEN,2004,2.88110587953,4.26263890677,7750003.0
71,Benin,BEN,2005,2.88547301374,4.2646300829,7982223.0
72,Benin,BEN,2006,2.89352736011,4.26130214491,8216893.0
73,Benin,BEN,2007,2.90229440586,4.25993707293,8454790.0
74,Benin,BEN,2008,2.9097621379,4.25437612816,8696915.0
75,Benin,BEN,2009,2.91794471765,4.25153515765,8944713.0
76,Benin,BEN,2010,2.92266278307,4.25220858312,9199254.0
77,Benin,BEN,2011,2.92287742276,4.25161654273,9460829.0
78,Benin,BEN,2012,2.92536081361,4.25319542175,9729254.0
79,Benin,BEN,2013,2.92620924194,4.2538961224300005,10004594.0
80,Benin,BEN,2014,2.92651200951,4.2558046348500005,10286839.0
81,Benin,BEN,2015,2.92955476403,4.25986281215,10575962.0
82,Benin,BEN,2016,2.92888113078,4.2637158756,10872072.0
83,Benin,BEN,2017,2.93023919118,4.2672359889900005,11175192.0
84,Botswana,BWA,1990,3.28234829361,4.24885586174,1286756.0
85,Botswana,BWA,1991,3.3117481047,4.27623718642,1326321.0
86,Botswana,BWA,1992,3.33867620618,4.30144079056,1363541.0
87,Botswana,BWA,1993,3.3642249749100004,4.32581688269,1399110.0
88,Botswana,BWA,1994,3.38618663804,4.3516440298,1434061.0
89,Botswana,BWA,1995,3.40954644052,4.37182629564,1469173.0
90,Botswana,BWA,1996,3.4303383826,4.39408361811,1504724.0
91,Botswana,BWA,1997,3.45355134884,4.4196222289,1540424.0
92,Botswana,BWA,1998,3.47640049335,4.4429157453000006,1575827.0
93,Botswana,BWA,1999,3.49775425218,4.46259531616,1610260.0
94,Botswana,BWA,2000,3.51024352013,4.47263429254,1643333.0
95,Botswana,BWA,2001,3.51586487028,4.478939363409999,1674674.0
96,Botswana,BWA,2002,3.52477908007,4.48303364121,1704637.0
97,Botswana,BWA,2003,3.52907590549,4.48435567192,1734387.0
98,Botswana,BWA,2004,3.53483619071,4.484854433120001,1765533.0
99,Botswana,BWA,2005,3.53401065961,4.48559108909,1799077.0
100,Botswana,BWA,2006,3.5356158854699995,4.48131824456,1835911.0
101,Botswana,BWA,2007,3.53325057336,4.4728634923,1875458.0
102,Botswana,BWA,2008,3.5303938071100003,4.46333849524,1915636.0
103,Botswana,BWA,2009,3.52954415138,4.4506942379100005,1953495.0
104,Botswana,BWA,2010,3.52793900137,4.4413596819,1987106.0
105,Botswana,BWA,2011,3.52369330179,4.43486190156,2015406.0
106,Botswana,BWA,2012,3.5192985882400003,4.42542626096,2039551.0
107,Botswana,BWA,2013,3.51565014231,4.41686170731,2062551.0
108,Botswana,BWA,2014,3.5081113546100005,4.41055936582,2088619.0
109,Botswana,BWA,2015,3.50484849915,4.40197353485,2120716.0
110,Botswana,BWA,2016,3.4987915812000003,4.39175312883,2159925.0
111,Botswana,BWA,2017,3.4913017333300003,4.38315650122,2205076.0
112,Burkina Faso,BFA,1990,3.01333861822,4.21545713416,8811033.0
113,Burkina Faso,BFA,1991,3.00744295325,4.18357314932,9050086.0
114,Burkina Faso,BFA,1992,3.00328370813,4.15429920761,9297110.0
115,Burkina Faso,BFA,1993,2.99716751065,4.13018070787,9552473.0
116,Burkina Faso,BFA,1994,2.99341505736,4.11196067721,9816584.0
117,Burkina Faso,BFA,1995,2.99153799977,4.1023789592,10089880.0
118,Burkina Faso,BFA,1996,2.9888214038500003,4.09548317144,10372734.0
119,Burkina Faso,BFA,1997,2.98453381312,4.09039802519,10665552.0
120,Burkina Faso,BFA,1998,2.98273058851,4.08525237826,10968722.0
121,Burkina Faso,BFA,1999,2.97979582928,4.08400533946,11282696.0
122,Burkina Faso,BFA,2000,2.97787279505,4.08279414825,11607951.0
123,Burkina Faso,BFA,2001,2.9841660245500004,4.08761330496,11944589.0
124,Burkina Faso,BFA,2002,2.9938659538100003,4.10188497977,12293097.0
125,Burkina Faso,BFA,2003,3.0056445861000003,4.11917717528,12654624.0
126,Burkina Faso,BFA,2004,3.01628476403,4.13140973922,13030576.0
127,Burkina Faso,BFA,2005,3.02136712126,4.13687215924,13421935.0
128,Burkina Faso,BFA,2006,3.02028492908,4.13354094565,13829173.0
129,Burkina Faso,BFA,2007,3.01734795184,4.12720956215,14252029.0
130,Burkina Faso,BFA,2008,3.0098954075,4.11896840344,14689725.0
131,Burkina Faso,BFA,2009,3.00480912094,4.10884872987,15141098.0
132,Burkina Faso,BFA,2010,3.0032617901500003,4.10693902329,15605211.0
133,Burkina Faso,BFA,2011,3.00260345079,4.1125939777700005,16081915.0
134,Burkina Faso,BFA,2012,3.00490831231,4.12377733861,16571252.0
135,Burkina Faso,BFA,2013,3.00628979308,4.14142725416,17072791.0
136,Burkina Faso,BFA,2014,3.0090512186,4.1642345376500005,17586029.0
137,Burkina Faso,BFA,2015,3.01495372211,4.1934585345,18110616.0
138,Burkina Faso,BFA,2016,3.02202195641,4.22499123704,18646350.0
139,Burkina Faso,BFA,2017,3.02944816745,4.26553545956,19193236.0
140,Burundi,BDI,1990,3.50517385615,4.825003902790001,5438959.0
141,Burundi,BDI,1991,3.50677794593,4.83986139589,5564923.0
142,Burundi,BDI,1992,3.50739956112,4.85048687278,5685569.0
143,Burundi,BDI,1993,3.5040836119000005,4.85738825268,5798054.0
144,Burundi,BDI,1994,3.50225109098,4.85911984435,5898964.0
145,Burundi,BDI,1995,3.49788980529,4.85892418344,5987044.0
146,Burundi,BDI,1996,3.48477887226,4.851529755870001,6060110.0
147,Burundi,BDI,1997,3.46092435026,4.82824443169,6122130.0
148,Burundi,BDI,1998,3.4312203510100003,4.79628040859,6185564.0
149,Burundi,BDI,1999,3.40078743973,4.75945118809,6267132.0
150,Burundi,BDI,2000,3.37100838672,4.72877455486,6378871.0
151,Burundi,BDI,2001,3.34562449017,4.69500005927,6525546.0
152,Burundi,BDI,2002,3.31616892476,4.66025540522,6704118.0
153,Burundi,BDI,2003,3.28799188092,4.61956876316,6909161.0
154,Burundi,BDI,2004,3.26113955933,4.58360065599,7131688.0
155,Burundi,BDI,2005,3.23669672227,4.54602528179,7364857.0
156,Burundi,BDI,2006,3.21051191256,4.50723101316,7607850.0
157,Burundi,BDI,2007,3.1881419506500004,4.46171625088,7862226.0
158,Burundi,BDI,2008,3.16496713121,4.4228720173000005,8126104.0
159,Burundi,BDI,2009,3.1456243233000003,4.38785737134,8397661.0
160,Burundi,BDI,2010,3.13837251525,4.36718242101,8675606.0
161,Burundi,BDI,2011,3.13156766614,4.35596984107,8958406.0
162,Burundi,BDI,2012,3.12793981419,4.34830481025,9245992.0
163,Burundi,BDI,2013,3.123516988,4.33702693594,9540302.0
164,Burundi,BDI,2014,3.12198978796,4.3344008528,9844301.0
165,Burundi,BDI,2015,3.1213949613,4.3291335663,10160034.0
166,Burundi,BDI,2016,3.11981833448,4.32791113127,10488002.0
167,Burundi,BDI,2017,3.12042617758,4.33014519967,10827010.0
168,Cameroon,CMR,1990,2.8539338563700003,4.32537879878,11780086.0
169,Cameroon,CMR,1991,2.86374890724,4.338031426160001,12137912.0
170,Cameroon,CMR,1992,2.87190188262,4.35182048849,12499499.0
171,Cameroon,CMR,1993,2.88130693329,4.36412159222,12864091.0
172,Cameroon,CMR,1994,2.88988029666,4.37016895164,13230978.0
173,Cameroon,CMR,1995,2.89844240458,4.38261172032,13599984.0
174,Cameroon,CMR,1996,2.90775547081,4.39057566964,13970812.0
175,Cameroon,CMR,1997,2.91917317779,4.40184126551,14344444.0
176,Cameroon,CMR,1998,2.93179394823,4.41346776904,14723772.0
177,Cameroon,CMR,1999,2.94342356115,4.42491633049,15112598.0
178,Cameroon,CMR,2000,2.95224534414,4.42924676932,15513944.0
179,Cameroon,CMR,2001,2.95948084855,4.43175005484,15928910.0
180,Cameroon,CMR,2002,2.9677867462100003,4.43504883376,16357605.0
181,Cameroon,CMR,2003,2.97470046567,4.43632238786,16800869.0
182,Cameroon,CMR,2004,2.97977296242,4.43937530751,17259322.0
183,Cameroon,CMR,2005,2.98594541995,4.43884950108,17733408.0
184,Cameroon,CMR,2006,2.99015076538,4.4420335926800005,18223677.0
185,Cameroon,CMR,2007,2.99900390897,4.44699729696,18730283.0
186,Cameroon,CMR,2008,3.00808523984,4.45091993464,19252674.0
187,Cameroon,CMR,2009,3.01630500919,4.45528989925,19789922.0
188,Cameroon,CMR,2010,3.01858285685,4.45624708079,20341236.0
189,Cameroon,CMR,2011,3.02175780125,4.45636714364,20906392.0
190,Cameroon,CMR,2012,3.02235270865,4.45407309116,21485267.0
191,Cameroon,CMR,2013,3.02477683015,4.45094335127,22077300.0
192,Cameroon,CMR,2014,3.02631114762,4.45122126346,22681853.0
193,Cameroon,CMR,2015,3.02721502171,4.4477866598,23298376.0
194,Cameroon,CMR,2016,3.02708881912,4.44429665719,23926549.0
195,Cameroon,CMR,2017,3.02535096955,4.43996017989,24566070.0
196,Cape Verde,CPV,1990,3.24567583969,4.16080385539,337953.0
197,Cape Verde,CPV,1991,3.27495140349,4.1776987099600005,346229.0
198,Cape Verde,CPV,1992,3.3083530051200003,4.19401240216,355763.0
199,Cape Verde,CPV,1993,3.34130233585,4.20988442896,366057.0
200,Cape Verde,CPV,1994,3.37536924297,4.22734935941,376409.0
201,Cape Verde,CPV,1995,3.41265850858,4.24550919264,386288.0
202,Cape Verde,CPV,1996,3.4558664419800005,4.26573954368,395533.0
203,Cape Verde,CPV,1997,3.50582438832,4.28430845576,404248.0
204,Cape Verde,CPV,1998,3.55650613235,4.30832632254,412513.0
205,Cape Verde,CPV,1999,3.59978937559,4.33182640717,420456.0
206,Cape Verde,CPV,2000,3.63530822926,4.346297578830001,428178.0
207,Cape Verde,CPV,2001,3.66253643495,4.36311032606,435701.0
208,Cape Verde,CPV,2002,3.68980481164,4.3810664606100005,442955.0
209,Cape Verde,CPV,2003,3.71710632263,4.400134446879999,449925.0
210,Cape Verde,CPV,2004,3.73435603355,4.41484556126,456619.0
211,Cape Verde,CPV,2005,3.74632511749,4.41967866043,463034.0
212,Cape Verde,CPV,2006,3.74701342379,4.4243145328,469171.0
213,Cape Verde,CPV,2007,3.74174677277,4.4255426093,475067.0
214,Cape Verde,CPV,2008,3.73504403056,4.423084440669999,480846.0
215,Cape Verde,CPV,2009,3.72420428046,4.42664606623,486667.0
216,Cape Verde,CPV,2010,3.71463797214,4.42771671481,492644.0
217,Cape Verde,CPV,2011,3.70643315181,4.43045910144,498858.0
218,Cape Verde,CPV,2012,3.69671665837,4.4340562259,505241.0
219,Cape Verde,CPV,2013,3.68671064525,4.43822255641,511740.0
220,Cape Verde,CPV,2014,3.67535929332,4.44296877314,518276.0
221,Cape Verde,CPV,2015,3.66409321958,4.44797707433,524740.0
222,Cape Verde,CPV,2016,3.65201436432,4.45335385059,531140.0
223,Cape Verde,CPV,2017,3.63888286503,4.46152472202,537499.0
224,Central African Republic,CAF,1990,3.73362799178,4.63428129036,2806740.0
225,Central African Republic,CAF,1991,3.7453883688,4.64986411094,2878507.0
226,Central African Republic,CAF,1992,3.75459576166,4.66343537237,2959236.0
227,Central African Republic,CAF,1993,3.76491163404,4.67741167021,3046148.0
228,Central African Republic,CAF,1994,3.77244740671,4.68564488126,3135017.0
229,Central African Republic,CAF,1995,3.77666785361,4.68999737656,3222662.0
230,Central African Republic,CAF,1996,3.77765786115,4.69228707507,3308235.0
231,Central African Republic,CAF,1997,3.78007400022,4.69498566642,3392432.0
232,Central African Republic,CAF,1998,3.77752042446,4.6976229225,3475485.0
233,Central African Republic,CAF,1999,3.77966697354,4.70086738788,3558019.0
234,Central African Republic,CAF,2000,3.78030994038,4.70197341391,3640421.0
235,Central African Republic,CAF,2001,3.77586272822,4.70109524069,3722016.0
236,Central African Republic,CAF,2002,3.77099235999,4.69937024592,3802129.0
237,Central African Republic,CAF,2003,3.7674407789,4.69843032764,3881185.0
238,Central African Republic,CAF,2004,3.76639873099,4.69582272265,3959883.0
239,Central African Republic,CAF,2005,3.76116682813,4.69435587423,4038380.0
240,Central African Republic,CAF,2006,3.76162564107,4.69220984106,4118075.0
241,Central African Republic,CAF,2007,3.76245254603,4.68439048204,4198004.0
242,Central African Republic,CAF,2008,3.761092816090001,4.67632210965,4273368.0
243,Central African Republic,CAF,2009,3.7617928782,4.66938844485,4337623.0
244,Central African Republic,CAF,2010,3.76083590874,4.66690853136,4386765.0
245,Central African Republic,CAF,2011,3.76096319264,4.663729178590001,4418639.0
246,Central African Republic,CAF,2012,3.75803682716,4.664217015359999,4436411.0
247,Central African Republic,CAF,2013,3.75653132569,4.66228563507,4447945.0
248,Central African Republic,CAF,2014,3.75544514579,4.66438963495,4464171.0
249,Central African Republic,CAF,2015,3.75368162751,4.6598501776,4493171.0
250,Central African Republic,CAF,2016,3.75094917236,4.6566044857,4537683.0
251,Central African Republic,CAF,2017,3.74913202652,4.65545419976,4596023.0
252,Chad,TCD,1990,2.94431288942,4.6211873468,5963250.0
253,Chad,TCD,1991,2.94288068662,4.62168160607,6157085.0
254,Chad,TCD,1992,2.94300099306,4.62591861163,6356741.0
255,Chad,TCD,1993,2.94438241782,4.62774850312,6563925.0
256,Chad,TCD,1994,2.94638068411,4.63322112216,6781057.0
257,Chad,TCD,1995,2.94894160291,4.63723333358,7010159.0
258,Chad,TCD,1996,2.97052844728,4.65646866203,7250974.0
259,Chad,TCD,1997,3.0133741728700003,4.6919804973,7503494.0
260,Chad,TCD,1998,3.06604951748,4.73434955299,7770053.0
261,Chad,TCD,1999,3.1134237095,4.770339112429999,8053532.0
262,Chad,TCD,2000,3.14275723555,4.79306688326,8355654.0
263,Chad,TCD,2001,3.15335388135,4.79893872619,8678049.0
264,Chad,TCD,2002,3.16428856329,4.80684354437,9019226.0
265,Chad,TCD,2003,3.16998051973,4.811079917520001,9373913.0
266,Chad,TCD,2004,3.17628667832,4.81546363041,9734761.0
267,Chad,TCD,2005,3.1776798933,4.81631544072,10096630.0
268,Chad,TCD,2006,3.17642670063,4.81410609362,10457122.0
269,Chad,TCD,2007,3.1731495048,4.80909001194,10818031.0
270,Chad,TCD,2008,3.16701973743,4.80377010374,11183589.0
271,Chad,TCD,2009,3.16054038278,4.79715101404,11560142.0
272,Chad,TCD,2010,3.15518441965,4.79026261767,11952134.0
273,Chad,TCD,2011,3.14866656131,4.7846253267800005,12360986.0
274,Chad,TCD,2012,3.13853151628,4.77603312835,12784748.0
275,Chad,TCD,2013,3.1265434492,4.76659692349,13220433.0
276,Chad,TCD,2014,3.11129921748,4.75154489914,13663562.0
277,Chad,TCD,2015,3.09530939856,4.73855034482,14110971.0
278,Chad,TCD,2016,3.07681538725,4.721884613269999,14561658.0
279,Chad,TCD,2017,3.0600596482,4.70589699026,15016761.0
280,Comoros,COM,1990,2.76764003032,3.98445162742,411598.0
281,Comoros,COM,1991,2.76616049996,3.990986903520001,423873.0
282,Comoros,COM,1992,2.76543142448,3.99361592544,436454.0
283,Comoros,COM,1993,2.76078057616,3.99474950882,449270.0
284,Comoros,COM,1994,2.7566208476500003,3.99632144113,462280.0
285,Comoros,COM,1995,2.75036909835,3.99524704223,475394.0
286,Comoros,COM,1996,2.7417728392000003,3.99010644745,488625.0
287,Comoros,COM,1997,2.72857765483,3.97390032254,501955.0
288,Comoros,COM,1998,2.71382851271,3.95316832723,515382.0
289,Comoros,COM,1999,2.6970353947200003,3.93369410164,528853.0
290,Comoros,COM,2000,2.68670730017,3.92255627864,542358.0
291,Comoros,COM,2001,2.67740884987,3.91788194766,555895.0
292,Comoros,COM,2002,2.67253494778,3.91421358053,569480.0
293,Comoros,COM,2003,2.6684256583,3.91336975948,583213.0
294,Comoros,COM,2004,2.66279682137,3.91080780739,597230.0
295,Comoros,COM,2005,2.65973925134,3.90632128828,611625.0
296,Comoros,COM,2006,2.65330683132,3.8975042965,626427.0
297,Comoros,COM,2007,2.64911429806,3.8839406057,641624.0
298,Comoros,COM,2008,2.64504898637,3.87039769518,657227.0
299,Comoros,COM,2009,2.64113810431,3.86161900608,673251.0
300,Comoros,COM,2010,2.64196193817,3.85751494529,689696.0
301,Comoros,COM,2011,2.64118047831,3.8613393446,706578.0
302,Comoros,COM,2012,2.64399442128,3.86350701927,723865.0
303,Comoros,COM,2013,2.65007770139,3.86918789828,741511.0
304,Comoros,COM,2014,2.65413063643,3.87697317546,759390.0
305,Comoros,COM,2015,2.66044105874,3.88994911684,777435.0
306,Comoros,COM,2016,2.66973236968,3.90607062856,795597.0
307,Comoros,COM,2017,2.68030712333,3.92162882322,813890.0
308,Congo,COG,1990,3.70304493194,4.649395269929999,2356740.0
309,Congo,COG,1991,3.70078848156,4.6485732245,2422312.0
310,Congo,COG,1992,3.69720218156,4.65441967944,2489945.0
311,Congo,COG,1993,3.69389456158,4.66141355627,2559880.0
312,Congo,COG,1994,3.68815113119,4.6629196493,2632345.0
313,Congo,COG,1995,3.68359103225,4.67284160166,2707532.0
314,Congo,COG,1996,3.67824435502,4.696438512009999,2785815.0
315,Congo,COG,1997,3.67047306973,4.73907240447,2867283.0
316,Congo,COG,1998,3.65930943287,4.7879169388700005,2951651.0
317,Congo,COG,1999,3.64833388456,4.827417951319999,3038432.0
318,Congo,COG,2000,3.63637848535,4.84569578891,3127420.0
319,Congo,COG,2001,3.620945469060001,4.84044764918,3217930.0
320,Congo,COG,2002,3.60235101386,4.838165479260001,3310376.0
321,Congo,COG,2003,3.5826459156,4.83248676877,3406915.0
322,Congo,COG,2004,3.56154693096,4.82668324404,3510468.0
323,Congo,COG,2005,3.54337095465,4.81733229265,3622775.0
324,Congo,COG,2006,3.52551729869,4.80705851343,3745143.0
325,Congo,COG,2007,3.50696270081,4.79594087361,3876123.0
326,Congo,COG,2008,3.48889519831,4.77919219366,4011487.0
327,Congo,COG,2009,3.47548212234,4.76329460206,4145400.0
328,Congo,COG,2010,3.46446965926,4.746903726159999,4273738.0
329,Congo,COG,2011,3.45760956859,4.727577914529999,4394842.0
330,Congo,COG,2012,3.45070422267,4.707548710279999,4510197.0
331,Congo,COG,2013,3.44344053375,4.68672468295,4622757.0
332,Congo,COG,2014,3.44046798461,4.65851380154,4736965.0
333,Congo,COG,2015,3.43465721232,4.63066547512,4856093.0
334,Congo,COG,2016,3.43197038192,4.59846185256,4980996.0
335,Congo,COG,2017,3.4312865398500003,4.567928696729999,5110701.0
336,Cote d'Ivoire,CIV,1990,2.71934866859,3.92068721832,11924873.0
337,Cote d'Ivoire,CIV,1991,2.7297579455500003,3.93337475623,12362404.0
338,Cote d'Ivoire,CIV,1992,2.73897818652,3.94394942955,12812428.0
339,Cote d'Ivoire,CIV,1993,2.74329684517,3.95229725879,13271638.0
340,Cote d'Ivoire,CIV,1994,2.74754922262,3.95735947276,13735438.0
341,Cote d'Ivoire,CIV,1995,2.74860454022,3.96016102835,14199759.0
342,Cote d'Ivoire,CIV,1996,2.7431798028800003,3.95455666233,14665125.0
343,Cote d'Ivoire,CIV,1997,2.72957660534,3.9389643437,15130674.0
344,Cote d'Ivoire,CIV,1998,2.7130219230800003,3.91702911911,15589407.0
345,Cote d'Ivoire,CIV,1999,2.69843621953,3.90049633049,16032573.0
346,Cote d'Ivoire,CIV,2000,2.68753580127,3.8892232703,16454660.0
347,Cote d'Ivoire,CIV,2001,2.68444915769,3.88869895193,16853027.0
348,Cote d'Ivoire,CIV,2002,2.68007298739,3.88631615735,17231539.0
349,Cote d'Ivoire,CIV,2003,2.67764374229,3.88891095333,17599613.0
350,Cote d'Ivoire,CIV,2004,2.67485977872,3.88833288591,17970493.0
351,Cote d'Ivoire,CIV,2005,2.67507371254,3.88812089161,18354513.0
352,Cote d'Ivoire,CIV,2006,2.67140819853,3.88548239663,18754914.0
353,Cote d'Ivoire,CIV,2007,2.66986688112,3.88185670008,19171250.0
354,Cote d'Ivoire,CIV,2008,2.66953956574,3.87908829399,19605568.0
355,Cote d'Ivoire,CIV,2009,2.67016961186,3.87427745118,20059147.0
356,Cote d'Ivoire,CIV,2010,2.66949289831,3.87331890644,20532944.0
357,Cote d'Ivoire,CIV,2011,2.67440522632,3.87457789547,21028652.0
358,Cote d'Ivoire,CIV,2012,2.6808093455,3.88426347762,21547188.0
359,Cote d'Ivoire,CIV,2013,2.69030248104,3.897606745,22087506.0
360,Cote d'Ivoire,CIV,2014,2.7020595215400003,3.91288806551,22647672.0
361,Cote d'Ivoire,CIV,2015,2.71620922258,3.93298139629,23226148.0
362,Cote d'Ivoire,CIV,2016,2.73159365416,3.95707543557,23822726.0
363,Cote d'Ivoire,CIV,2017,2.74994870233,3.98384691836,24437475.0
364,Democratic Republic of Congo,COD,1990,3.49629070395,4.49272404893,34612023.0
365,Democratic Republic of Congo,COD,1991,3.4912178337900004,4.48968621944,35908240.0
366,Democratic Republic of Congo,COD,1992,3.48682403884,4.48583111143,37333917.0
367,Democratic Republic of Congo,COD,1993,3.48553937632,4.483938438,38815835.0
368,Democratic Republic of Congo,COD,1994,3.48100355897,4.48148355147,40252973.0
369,Democratic Republic of Congo,COD,1995,3.47811130121,4.479226955320001,41576239.0
370,Democratic Republic of Congo,COD,1996,3.47467863706,4.47290662728,42757239.0
371,Democratic Republic of Congo,COD,1997,3.4681528216,4.46706204171,43827191.0
372,Democratic Republic of Congo,COD,1998,3.46340831908,4.45768505407,44849968.0
373,Democratic Republic of Congo,COD,1999,3.45973258147,4.45317643072,45919615.0
374,Democratic Republic of Congo,COD,2000,3.4558074259,4.44780523148,47105830.0
375,Democratic Republic of Congo,COD,2001,3.45347848824,4.44651699651,48428534.0
376,Democratic Republic of Congo,COD,2002,3.44942867117,4.44447118982,49871670.0
377,Democratic Republic of Congo,COD,2003,3.44939724056,4.44480184011,51425583.0
378,Democratic Republic of Congo,COD,2004,3.44561306126,4.44372988548,53068869.0
379,Democratic Republic of Congo,COD,2005,3.44220307268,4.44137095557,54785894.0
380,Democratic Republic of Congo,COD,2006,3.43838058928,4.43641516038,56578046.0
381,Democratic Republic of Congo,COD,2007,3.43287208631,4.42471464778,58453687.0
382,Democratic Republic of Congo,COD,2008,3.42664970216,4.414621985089999,60411195.0
383,Democratic Republic of Congo,COD,2009,3.423496907230001,4.40213340392,62448572.0
384,Democratic Republic of Congo,COD,2010,3.42208526155,4.39864142337,64563853.0
385,Democratic Republic of Congo,COD,2011,3.42291330656,4.40081493841,66755151.0
386,Democratic Republic of Congo,COD,2012,3.42482893515,4.40220020671,69020749.0
387,Democratic Republic of Congo,COD,2013,3.42982499743,4.4051672789800005,71358804.0
388,Democratic Republic of Congo,COD,2014,3.43132884348,4.40675539415,73767445.0
389,Democratic Republic of Congo,COD,2015,3.43688597597,4.41227478327,76244532.0
390,Democratic Republic of Congo,COD,2016,3.44532253199,4.4185258998500005,78789130.0
391,Democratic Republic of Congo,COD,2017,3.45507099728,4.42763642239,81398765.0
392,Djibouti,DJI,1990,2.99908605368,4.21023130242,590393.0
393,Djibouti,DJI,1991,2.99810150587,4.19940683427,606843.0
394,Djibouti,DJI,1992,2.99738571712,4.18960682083,615050.0
395,Djibouti,DJI,1993,2.99837101308,4.18571926324,618504.0
396,Djibouti,DJI,1994,3.0012541230200003,4.1812485637,622364.0
397,Djibouti,DJI,1995,3.00324236345,4.1785062767,630385.0
398,Djibouti,DJI,1996,3.00934327319,4.1832061651,643649.0
399,Djibouti,DJI,1997,3.01728785364,4.18748765058,660858.0
400,Djibouti,DJI,1998,3.02553357416,4.19407372765,680465.0
401,Djibouti,DJI,1999,3.0334345591100003,4.200488684950001,699973.0
402,Djibouti,DJI,2000,3.03954580095,4.20433289826,717577.0
403,Djibouti,DJI,2001,3.04479324545,4.20510660245,733019.0
404,Djibouti,DJI,2002,3.04965831076,4.20603437402,746947.0
405,Djibouti,DJI,2003,3.0554058427,4.20641727003,759639.0
406,Djibouti,DJI,2004,3.0604131099500003,4.20514228597,771599.0
407,Djibouti,DJI,2005,3.0618491693600003,4.20468967783,783248.0
408,Djibouti,DJI,2006,3.06011566002,4.19933696099,794554.0
409,Djibouti,DJI,2007,3.0545117474800003,4.1857810980300005,805456.0
410,Djibouti,DJI,2008,3.04873580197,4.17256822044,816361.0
411,Djibouti,DJI,2009,3.04319892363,4.16158054574,827820.0
412,Djibouti,DJI,2010,3.04232639764,4.15731286826,840194.0
413,Djibouti,DJI,2011,3.04314510355,4.15979842723,853671.0
414,Djibouti,DJI,2012,3.04703984545,4.1633023839900005,868136.0
415,Djibouti,DJI,2013,3.05165721047,4.16878030086,883296.0
416,Djibouti,DJI,2014,3.05550555221,4.1704369443400005,898707.0
417,Djibouti,DJI,2015,3.06047287167,4.18062236889,913998.0
418,Djibouti,DJI,2016,3.06998510774,4.19071998515,929117.0
419,Djibouti,DJI,2017,3.07788080302,4.20434117758,944100.0
420,Egypt,EGY,1990,2.47878002765,3.87840216637,56134478.0
421,Egypt,EGY,1991,2.47811798469,3.88572607128,57424552.0
422,Egypt,EGY,1992,2.47496027172,3.89383565451,58666812.0
423,Egypt,EGY,1993,2.47627015275,3.90235564665,59880656.0
424,Egypt,EGY,1994,2.4724131739,3.9097193297,61095804.0
425,Egypt,EGY,1995,2.46852053571,3.91515397404,62334025.0
426,Egypt,EGY,1996,2.45888402568,3.91843275581,63601632.0
427,Egypt,EGY,1997,2.44033945154,3.92480384137,64892269.0
428,Egypt,EGY,1998,2.41708106257,3.92927173662,66200259.0
429,Egypt,EGY,1999,2.40027511323,3.93347327575,67515591.0
430,Egypt,EGY,2000,2.39457176308,3.93692833865,68831561.0
431,Egypt,EGY,2001,2.39573782966,3.9421174869,70152662.0
432,Egypt,EGY,2002,2.39901195776,3.94509300508,71485044.0
433,Egypt,EGY,2003,2.40353482702,3.946963035800001,72826102.0
434,Egypt,EGY,2004,2.4039447867100003,3.94808253244,74172073.0
435,Egypt,EGY,2005,2.40497067397,3.9500210087,75523576.0
436,Egypt,EGY,2006,2.40543288055,3.95089716383,76873670.0
437,Egypt,EGY,2007,2.41409691454,3.9561895375,78232124.0
438,Egypt,EGY,2008,2.42214537446,3.96013303046,79636081.0
439,Egypt,EGY,2009,2.4284286340700003,3.9652815103,81134789.0
440,Egypt,EGY,2010,2.43253862664,3.96564250936,82761244.0
441,Egypt,EGY,2011,2.43710460599,3.96483132577,84529251.0
442,Egypt,EGY,2012,2.44562551521,3.96291713388,86422240.0
443,Egypt,EGY,2013,2.45919934095,3.96021311854,88404652.0
444,Egypt,EGY,2014,2.4772680013,3.96140638788,90424668.0
445,Egypt,EGY,2015,2.49682891058,3.96116434234,92442549.0
446,Egypt,EGY,2016,2.52138469467,3.96192894373,94447071.0
447,Egypt,EGY,2017,2.5460313632,3.96549431778,96442590.0
448,Equatorial Guinea,GNQ,1990,3.75914115193,4.6650840424,419188.0
449,Equatorial Guinea,GNQ,1991,3.754286362,4.67124455521,432844.0
450,Equatorial Guinea,GNQ,1992,3.745096604700001,4.672505388119999,447269.0
451,Equatorial Guinea,GNQ,1993,3.73701045681,4.67305989647,462637.0
452,Equatorial Guinea,GNQ,1994,3.72774672489,4.66884568443,479099.0
453,Equatorial Guinea,GNQ,1995,3.72050470665,4.66649727148,496768.0
454,Equatorial Guinea,GNQ,1996,3.71033915023,4.65970320518,515844.0
455,Equatorial Guinea,GNQ,1997,3.69650405564,4.64901801163,536459.0
456,Equatorial Guinea,GNQ,1998,3.68098871761,4.63729653618,558496.0
457,Equatorial Guinea,GNQ,1999,3.66375609729,4.62741660938,581765.0
458,Equatorial Guinea,GNQ,2000,3.65211290539,4.62230949838,606180.0
459,Equatorial Guinea,GNQ,2001,3.64244749958,4.61713412451,631662.0
460,Equatorial Guinea,GNQ,2002,3.6300218679,4.61152146944,658388.0
461,Equatorial Guinea,GNQ,2003,3.61994161291,4.6076065254000005,686670.0
462,Equatorial Guinea,GNQ,2004,3.608052883030001,4.6065451699,716949.0
463,Equatorial Guinea,GNQ,2005,3.6043859707,4.60802981888,749527.0
464,Equatorial Guinea,GNQ,2006,3.5997539475100004,4.6103563894,784494.0
465,Equatorial Guinea,GNQ,2007,3.59608687249,4.61747513515,821686.0
466,Equatorial Guinea,GNQ,2008,3.59487231599,4.62504948003,860839.0
467,Equatorial Guinea,GNQ,2009,3.59355937401,4.6302292074,901589.0
468,Equatorial Guinea,GNQ,2010,3.59516389833,4.63618047837,943640.0
469,Equatorial Guinea,GNQ,2011,3.59764792098,4.63915540785,986861.0
470,Equatorial Guinea,GNQ,2012,3.5996078390100004,4.64493917519,1031191.0
471,Equatorial Guinea,GNQ,2013,3.60349378607,4.64972968276,1076412.0
472,Equatorial Guinea,GNQ,2014,3.60721319319,4.65652426654,1122273.0
473,Equatorial Guinea,GNQ,2015,3.61148514592,4.66194822176,1168575.0
474,Equatorial Guinea,GNQ,2016,3.61543446918,4.66629184712,1215181.0
475,Equatorial Guinea,GNQ,2017,3.62171968867,4.67088330961,1262008.0
476,Eritrea,ERI,1990,3.23512614204,4.45169102932,2258649.0
477,Eritrea,ERI,1991,3.23895453851,4.45935270862,2266356.0
478,Eritrea,ERI,1992,3.24418360159,4.46288359881,2257593.0
479,Eritrea,ERI,1993,3.2459244172200004,4.46892007043,2238631.0
480,Eritrea,ERI,1994,3.2487178419100005,4.47550966707,2218436.0
481,Eritrea,ERI,1995,3.24790067103,4.47502671381,2204227.0
482,Eritrea,ERI,1996,3.2478688037500003,4.47331881524,2196467.0
483,Eritrea,ERI,1997,3.24356945646,4.46640642624,2195192.0
484,Eritrea,ERI,1998,3.24020917624,4.45701338616,2206439.0
485,Eritrea,ERI,1999,3.23920048202,4.4503552085,2237412.0
486,Eritrea,ERI,2000,3.23879657447,4.44013858808,2292413.0
487,Eritrea,ERI,2001,3.24034406843,4.43800954627,2374721.0
488,Eritrea,ERI,2002,3.23935206874,4.4325520823,2481059.0
489,Eritrea,ERI,2003,3.24157359792,4.429248529270001,2600972.0
490,Eritrea,ERI,2004,3.2424980998,4.42496609804,2719809.0
491,Eritrea,ERI,2005,3.24198767978,4.41616312904,2826653.0
492,Eritrea,ERI,2006,3.23970978275,4.40363868115,2918209.0
493,Eritrea,ERI,2007,3.23986174457,4.38716397548,2996540.0
494,Eritrea,ERI,2008,3.23924394905,4.36610760686,3062782.0
495,Eritrea,ERI,2009,3.2373831439800003,4.35253252588,3119920.0
496,Eritrea,ERI,2010,3.23622792442,4.34398082963,3170437.0
497,Eritrea,ERI,2011,3.23617044214,4.34390161223,3213969.0
498,Eritrea,ERI,2012,3.2365237988300004,4.34350734602,3250104.0
499,Eritrea,ERI,2013,3.2358480546800004,4.34445438112,3281453.0
500,Eritrea,ERI,2014,3.23697068557,4.34821464984,3311444.0
501,Eritrea,ERI,2015,3.2367474583200004,4.35102748131,3342818.0
502,Eritrea,ERI,2016,3.23690744356,4.35707126995,3376558.0
503,Eritrea,ERI,2017,3.23812716134,4.36570385794,3412894.0
504,Eswatini,SWZ,1990,3.36954874724,4.07388079372,822423.0
505,Eswatini,SWZ,1991,3.39717514623,4.09221251338,845267.0
506,Eswatini,SWZ,1992,3.4210668879599995,4.10892996944,866995.0
507,Eswatini,SWZ,1993,3.44025116386,4.12172236525,887706.0
508,Eswatini,SWZ,1994,3.4535287714800003,4.137392511360001,907622.0
509,Eswatini,SWZ,1995,3.46285918569,4.14544213914,926836.0
510,Eswatini,SWZ,1996,3.46399952456,4.1520667308100005,945506.0
511,Eswatini,SWZ,1997,3.45911295865,4.16172316607,963416.0
512,Eswatini,SWZ,1998,3.45486878501,4.17096510932,979922.0
513,Eswatini,SWZ,1999,3.45110021463,4.18440067013,994105.0
514,Eswatini,SWZ,2000,3.45299553669,4.1928737064,1005432.0
515,Eswatini,SWZ,2001,3.46175609838,4.20554549783,1013608.0
516,Eswatini,SWZ,2002,3.47809851402,4.22028191845,1019054.0
517,Eswatini,SWZ,2003,3.49862341964,4.23873199101,1022796.0
518,Eswatini,SWZ,2004,3.52006756076,4.25252712646,1026287.0
519,Eswatini,SWZ,2005,3.536464685,4.2639442824,1030575.0
520,Eswatini,SWZ,2006,3.55112094423,4.27360917549,1036095.0
521,Eswatini,SWZ,2007,3.56523891048,4.28269995152,1042651.0
522,Eswatini,SWZ,2008,3.58031378217,4.29039230984,1049948.0
523,Eswatini,SWZ,2009,3.59649792812,4.29751500435,1057462.0
524,Eswatini,SWZ,2010,3.60798767019,4.305994907,1064841.0
525,Eswatini,SWZ,2011,3.62271709578,4.31160278928,1072029.0
526,Eswatini,SWZ,2012,3.63420802337,4.31951856564,1079285.0
527,Eswatini,SWZ,2013,3.64993657815,4.32643122953,1086843.0
528,Eswatini,SWZ,2014,3.66364833226,4.33231874928,1095022.0
529,Eswatini,SWZ,2015,3.67681438232,4.33697650383,1104038.0
530,Eswatini,SWZ,2016,3.69018047358,4.34523140445,1113994.0
531,Eswatini,SWZ,2017,3.70448775741,4.34972539235,1124808.0
532,Ethiopia,ETH,1990,3.5854204301,4.47459534363,47887864.0
533,Ethiopia,ETH,1991,3.5744887859900003,4.47823683575,49609976.0
534,Ethiopia,ETH,1992,3.56394712924,4.48221379741,51423591.0
535,Ethiopia,ETH,1993,3.55725959196,4.48561007962,53295556.0
536,Ethiopia,ETH,1994,3.55102684911,4.48892051053,55180993.0
537,Ethiopia,ETH,1995,3.54749356423,4.491967816080001,57047906.0
538,Ethiopia,ETH,1996,3.54932666832,4.48544545658,58883531.0
539,Ethiopia,ETH,1997,3.55544740934,4.4639461999900005,60697443.0
540,Ethiopia,ETH,1998,3.56538054768,4.43625134147,62507724.0
541,Ethiopia,ETH,1999,3.57289325975,4.41201253037,64343008.0
542,Ethiopia,ETH,2000,3.5749326118200004,4.39866378547,66224809.0
543,Ethiopia,ETH,2001,3.57473858761,4.392220693590001,68159422.0
544,Ethiopia,ETH,2002,3.5756302952000003,4.381399619210001,70142090.0
545,Ethiopia,ETH,2003,3.57457296734,4.3685741815100005,72170581.0
546,Ethiopia,ETH,2004,3.5726876458400003,4.352980344090001,74239508.0
547,Ethiopia,ETH,2005,3.57094704512,4.33786565673,76346310.0
548,Ethiopia,ETH,2006,3.56539427335,4.320481292859999,78489205.0
549,Ethiopia,ETH,2007,3.55742887807,4.29604489076,80674343.0
550,Ethiopia,ETH,2008,3.54855990097,4.27139677331,82916236.0
551,Ethiopia,ETH,2009,3.53959175743,4.24827563127,85233923.0
552,Ethiopia,ETH,2010,3.52979930334,4.23393856034,87639962.0
553,Ethiopia,ETH,2011,3.52057024435,4.223373974789999,90139928.0
554,Ethiopia,ETH,2012,3.50799344764,4.21575419827,92726982.0
555,Ethiopia,ETH,2013,3.49340030534,4.21202723779,95385793.0
556,Ethiopia,ETH,2014,3.4759581289200003,4.20968098638,98094264.0
557,Ethiopia,ETH,2015,3.45621839244,4.21162750518,100835453.0
558,Ethiopia,ETH,2016,3.43611808942,4.21493372785,103603461.0
559,Ethiopia,ETH,2017,3.41454749259,4.22167254808,106399926.0
560,Gabon,GAB,1990,3.76900417655,4.445947320899999,949493.0
561,Gabon,GAB,1991,3.77209737712,4.45250533534,975785.0
562,Gabon,GAB,1992,3.77390033575,4.45918897665,1002573.0
563,Gabon,GAB,1993,3.77634437953,4.46618458201,1029769.0
564,Gabon,GAB,1994,3.77651198391,4.47433931101,1057252.0
565,Gabon,GAB,1995,3.77562328763,4.48182191139,1084951.0
566,Gabon,GAB,1996,3.77500317462,4.49365834263,1112944.0
567,Gabon,GAB,1997,3.77315987086,4.50738568056,1141332.0
568,Gabon,GAB,1998,3.76542334483,4.5214736139500005,1170061.0
569,Gabon,GAB,1999,3.76064187272,4.535267338300001,1199058.0
570,Gabon,GAB,2000,3.75439004913,4.54236959418,1228359.0
571,Gabon,GAB,2001,3.75224088716,4.544319284259999,1258008.0
572,Gabon,GAB,2002,3.74919253913,4.54801741502,1288310.0
573,Gabon,GAB,2003,3.74754941565,4.55209206251,1319946.0
574,Gabon,GAB,2004,3.74447078773,4.55420073245,1353788.0
575,Gabon,GAB,2005,3.73712540944,4.55647191286,1390550.0
576,Gabon,GAB,2006,3.72932133553,4.5405977384,1430144.0
577,Gabon,GAB,2007,3.71789193152,4.51046516056,1472565.0
578,Gabon,GAB,2008,3.70813911903,4.4713819683,1518538.0
579,Gabon,GAB,2009,3.70196401748,4.43995388553,1568925.0
580,Gabon,GAB,2010,3.69788521148,4.41910209766,1624146.0
581,Gabon,GAB,2011,3.69405287828,4.41308080162,1684629.0
582,Gabon,GAB,2012,3.69199420272,4.404898886470001,1749677.0
583,Gabon,GAB,2013,3.68745963756,4.39734260963,1817070.0
584,Gabon,GAB,2014,3.68618813241,4.3918173939,1883801.0
585,Gabon,GAB,2015,3.68423935602,4.38796682574,1947690.0
586,Gabon,GAB,2016,3.68257526575,4.38705404022,2007882.0
587,Gabon,GAB,2017,3.68244089869,4.38672139731,2064812.0
588,Gambia,GMB,1990,2.5861538046500003,5.82865811793,955595.0
589,Gambia,GMB,1991,2.58159036223,5.8550023822,992671.0
590,Gambia,GMB,1992,2.57740580732,5.87756799325,1027476.0
591,Gambia,GMB,1993,2.57239747141,5.89336578231,1060861.0
592,Gambia,GMB,1994,2.57165047856,5.90406301539,1094219.0
593,Gambia,GMB,1995,2.57233396467,5.90609364897,1128577.0
594,Gambia,GMB,1996,2.57486982214,5.90221281284,1164091.0
595,Gambia,GMB,1997,2.5810531747,5.896605061110001,1200522.0
596,Gambia,GMB,1998,2.58632883773,5.88546050699,1238124.0
597,Gambia,GMB,1999,2.5922315994900003,5.8762412642,1277118.0
598,Gambia,GMB,2000,2.5969581292700004,5.86933124033,1317708.0
599,Gambia,GMB,2001,2.60088900656,5.85865772103,1360070.0
600,Gambia,GMB,2002,2.60677441892,5.8461036808,1404263.0
601,Gambia,GMB,2003,2.61286763265,5.83697452614,1449925.0
602,Gambia,GMB,2004,2.61761947497,5.82150997645,1496524.0
603,Gambia,GMB,2005,2.61942960549,5.80300143479,1543745.0
604,Gambia,GMB,2006,2.62028055364,5.76519447732,1591444.0
605,Gambia,GMB,2007,2.61721406916,5.70346453165,1639846.0
606,Gambia,GMB,2008,2.6134456427100003,5.63525798802,1689288.0
607,Gambia,GMB,2009,2.61381689451,5.58003429672,1740277.0
608,Gambia,GMB,2010,2.61323811275,5.55792606318,1793199.0
609,Gambia,GMB,2011,2.61358386829,5.55841156915,1848142.0
610,Gambia,GMB,2012,2.61437811324,5.56082242978,1905020.0
611,Gambia,GMB,2013,2.61893825201,5.565265768710001,1963708.0
612,Gambia,GMB,2014,2.62177240247,5.57132056709,2024037.0
613,Gambia,GMB,2015,2.6264973069,5.57824606004,2085860.0
614,Gambia,GMB,2016,2.63320573665,5.59006467507,2149134.0
615,Gambia,GMB,2017,2.63735665165,5.60354724206,2213900.0
616,Ghana,GHA,1990,2.8152976894600004,3.9025906846,14773274.0
617,Ghana,GHA,1991,2.81036837609,3.89213025734,15207360.0
618,Ghana,GHA,1992,2.80783683793,3.88577932996,15653345.0
619,Ghana,GHA,1993,2.80607194343,3.8781975875,16106756.0
620,Ghana,GHA,1994,2.80446269908,3.87326506932,16561677.0
621,Ghana,GHA,1995,2.80217843492,3.87037233822,17014058.0
622,Ghana,GHA,1996,2.80072895547,3.87176399108,17462504.0
623,Ghana,GHA,1997,2.80006295591,3.88181884313,17908977.0
624,Ghana,GHA,1998,2.80082794491,3.89439901731,18357159.0
625,Ghana,GHA,1999,2.79967475431,3.90583382907,18812369.0
626,Ghana,GHA,2000,2.8006277655400003,3.91198386652,19278850.0
627,Ghana,GHA,2001,2.80589662161,3.91456486958,19756929.0
628,Ghana,GHA,2002,2.81243298683,3.91790373307,20246376.0
629,Ghana,GHA,2003,2.81978181114,3.92039508902,20750308.0
630,Ghana,GHA,2004,2.82589186434,3.92382521072,21272328.0
631,Ghana,GHA,2005,2.82878511984,3.92462585861,21814648.0
632,Ghana,GHA,2006,2.82970586839,3.91779923719,22379057.0
633,Ghana,GHA,2007,2.83069934886,3.90577368769,22963946.0
634,Ghana,GHA,2008,2.82760091887,3.89117554106,23563832.0
635,Ghana,GHA,2009,2.82723535504,3.87758831894,24170943.0
636,Ghana,GHA,2010,2.82644420548,3.86641926205,24779614.0
637,Ghana,GHA,2011,2.82880597922,3.86005644844,25387713.0
638,Ghana,GHA,2012,2.83268514472,3.85499975021,25996454.0
639,Ghana,GHA,2013,2.83811063423,3.84952012766,26607641.0
640,Ghana,GHA,2014,2.84369978291,3.84865979218,27224480.0
641,Ghana,GHA,2015,2.85224602216,3.85064864577,27849203.0
642,Ghana,GHA,2016,2.86095860136,3.85222003876,28481947.0
643,Ghana,GHA,2017,2.87162593728,3.85687515491,29121464.0
644,Guinea,GIN,1990,2.60482032922,4.26253254674,6352282.0
645,Guinea,GIN,1991,2.60433433252,4.26756259447,6534936.0
646,Guinea,GIN,1992,2.60491806698,4.272617052109999,6716032.0
647,Guinea,GIN,1993,2.60596289733,4.27704133433,6897171.0
648,Guinea,GIN,1994,2.6085258287,4.28238127811,7081119.0
649,Guinea,GIN,1995,2.61135672602,4.28657102509,7269631.0
650,Guinea,GIN,1996,2.61657314502,4.29028878253,7463782.0
651,Guinea,GIN,1997,2.62482599232,4.29789816005,7662071.0
652,Guinea,GIN,1998,2.6363792288,4.3012691019,7860772.0
653,Guinea,GIN,1999,2.6466528231,4.30678205043,8054745.0
654,Guinea,GIN,2000,2.65639815255,4.30968045997,8240735.0
655,Guinea,GIN,2001,2.6639873332,4.312731766410001,8417082.0
656,Guinea,GIN,2002,2.67105884659,4.31388164575,8586077.0
657,Guinea,GIN,2003,2.67838676294,4.31426172272,8753097.0
658,Guinea,GIN,2004,2.68589095715,4.31465646007,8925729.0
659,Guinea,GIN,2005,2.69286886243,4.31704699604,9109585.0
660,Guinea,GIN,2006,2.69653115447,4.31451806152,9307421.0
661,Guinea,GIN,2007,2.69952780098,4.31132038747,9518159.0
662,Guinea,GIN,2008,2.7014806923,4.309527070920001,9738796.0
663,Guinea,GIN,2009,2.70455038864,4.30654722263,9964470.0
664,Guinea,GIN,2010,2.70653546243,4.30840576957,10192168.0
665,Guinea,GIN,2011,2.7088647157,4.30747740577,10420459.0
666,Guinea,GIN,2012,2.7125032472200004,4.30722397356,10652032.0
667,Guinea,GIN,2013,2.71463845356,4.309312483979999,10892821.0
668,Guinea,GIN,2014,2.71695277855,4.31297226989,11150970.0
669,Guinea,GIN,2015,2.72179680116,4.31428620317,11432096.0
670,Guinea,GIN,2016,2.72565876687,4.31944415358,11738434.0
671,Guinea,GIN,2017,2.73099104509,4.323602343179999,12067516.0
672,Guinea-Bissau,GNB,1990,2.68117827551,4.30845367215,975265.0
673,Guinea-Bissau,GNB,1991,2.68170104023,4.31599160418,997522.0
674,Guinea-Bissau,GNB,1992,2.68378921634,4.32317091596,1020353.0
675,Guinea-Bissau,GNB,1993,2.68413526578,4.32869219498,1043421.0
676,Guinea-Bissau,GNB,1994,2.6870850290000003,4.33521625622,1066345.0
677,Guinea-Bissau,GNB,1995,2.68819484984,4.34181015882,1088850.0
678,Guinea-Bissau,GNB,1996,2.69176314058,4.34925246927,1110835.0
679,Guinea-Bissau,GNB,1997,2.69733585552,4.35524654295,1132505.0
680,Guinea-Bissau,GNB,1998,2.70398954783,4.36453896956,1154372.0
681,Guinea-Bissau,GNB,1999,2.7101008656,4.37187347377,1177133.0
682,Guinea-Bissau,GNB,2000,2.71441236919,4.37920193726,1201305.0
683,Guinea-Bissau,GNB,2001,2.7205486816,4.3861522562,1227105.0
684,Guinea-Bissau,GNB,2002,2.72845295713,4.39157224506,1254454.0
685,Guinea-Bissau,GNB,2003,2.73509792198,4.39992742796,1283297.0
686,Guinea-Bissau,GNB,2004,2.74537532152,4.40525755902,1313492.0
687,Guinea-Bissau,GNB,2005,2.75046848944,4.40991806886,1344931.0
688,Guinea-Bissau,GNB,2006,2.75471209034,4.41260733153,1377582.0
689,Guinea-Bissau,GNB,2007,2.75975878584,4.41703462543,1411545.0
690,Guinea-Bissau,GNB,2008,2.76177302899,4.41946489415,1446936.0
691,Guinea-Bissau,GNB,2009,2.76685894371,4.42363486488,1483920.0
692,Guinea-Bissau,GNB,2010,2.7701945511000003,4.42815701906,1522603.0
693,Guinea-Bissau,GNB,2011,2.77256659336,4.42739499366,1562996.0
694,Guinea-Bissau,GNB,2012,2.77456322174,4.42698948281,1604981.0
695,Guinea-Bissau,GNB,2013,2.77577933218,4.42825140677,1648259.0
696,Guinea-Bissau,GNB,2014,2.77979211889,4.43088313978,1692433.0
697,Guinea-Bissau,GNB,2015,2.78173352813,4.431504304440001,1737207.0
698,Guinea-Bissau,GNB,2016,2.78513708992,4.43031781856,1782434.0
699,Guinea-Bissau,GNB,2017,2.79031785562,4.43139179426,1828146.0
700,Kenya,KEN,1990,3.03235706014,4.22089046908,23724574.0
701,Kenya,KEN,1991,3.02768129154,4.21344215207,24521714.0
702,Kenya,KEN,1992,3.02446377079,4.20869894491,25326080.0
703,Kenya,KEN,1993,3.02268052402,4.20676039889,26136217.0
704,Kenya,KEN,1994,3.02166107073,4.206156044739999,26950508.0
705,Kenya,KEN,1995,3.02146565634,4.20853538178,27768297.0
706,Kenya,KEN,1996,3.02822113607,4.22002123836,28589456.0
707,Kenya,KEN,1997,3.04214755916,4.24388157475,29415660.0
708,Kenya,KEN,1998,3.05855396829,4.27174988515,30250488.0
709,Kenya,KEN,1999,3.07165986991,4.2943597246300005,31098763.0
710,Kenya,KEN,2000,3.07704433026,4.30375087231,31964557.0
711,Kenya,KEN,2001,3.07647775949,4.30160521846,32848569.0
712,Kenya,KEN,2002,3.07522952455,4.29511793516,33751746.0
713,Kenya,KEN,2003,3.07377664447,4.28544975238,34678781.0
714,Kenya,KEN,2004,3.07156301687,4.27284019907,35635267.0
715,Kenya,KEN,2005,3.0679711989,4.25768430912,36624897.0
716,Kenya,KEN,2006,3.059992046,4.23209276155,37649039.0
717,Kenya,KEN,2007,3.04682887765,4.19166751158,38705934.0
718,Kenya,KEN,2008,3.03156375653,4.14632313542,39791984.0
719,Kenya,KEN,2009,3.01785328889,4.10499874406,40901798.0
720,Kenya,KEN,2010,3.00795925792,4.07684282352,42030684.0
721,Kenya,KEN,2011,3.00196054188,4.05925987843,43178270.0
722,Kenya,KEN,2012,2.9960570840800003,4.04320284806,44343469.0
723,Kenya,KEN,2013,2.99085067828,4.0290663251400005,45519986.0
724,Kenya,KEN,2014,2.98703782681,4.01680139612,46700063.0
725,Kenya,KEN,2015,2.9840466532,4.0071240219,47878339.0
726,Kenya,KEN,2016,2.98238159418,4.00077747916,49051531.0
727,Kenya,KEN,2017,2.9824206884,3.9971183247,50221146.0
728,Lesotho,LSO,1990,4.1277367407100005,6.254887812060001,1703757.0
729,Lesotho,LSO,1991,4.14385660694,6.18105699738,1742534.0
730,Lesotho,LSO,1992,4.16098003255,6.11749917058,1782284.0
731,Lesotho,LSO,1993,4.17916707783,6.06443480248,1822237.0
732,Lesotho,LSO,1994,4.19589912921,6.033534684639999,1861323.0
733,Lesotho,LSO,1995,4.2160005242,6.02311266711,1898598.0
734,Lesotho,LSO,1996,4.237222098779999,6.03229217567,1934294.0
735,Lesotho,LSO,1997,4.26767008542,6.05549427778,1968054.0
736,Lesotho,LSO,1998,4.29852919079,6.0843379634,1997524.0
737,Lesotho,LSO,1999,4.32853012632,6.114802668299999,2019732.0
738,Lesotho,LSO,2000,4.36155096107,6.13678591609,2032805.0
739,Lesotho,LSO,2001,4.39740101922,6.15209692644,2035738.0
740,Lesotho,LSO,2002,4.43391942056,6.17192664947,2029832.0
741,Lesotho,LSO,2003,4.47435493622,6.19072681846,2018355.0
742,Lesotho,LSO,2004,4.517414281930001,6.20850537794,2005953.0
743,Lesotho,LSO,2005,4.55814582592,6.2242612469,1996115.0
744,Lesotho,LSO,2006,4.60223519783,6.24066413632,1989933.0
745,Lesotho,LSO,2007,4.649022234269999,6.25715461124,1986926.0
746,Lesotho,LSO,2008,4.69557126924,6.27773831757,1987130.0
747,Lesotho,LSO,2009,4.73083048814,6.289740114509999,1990135.0
748,Lesotho,LSO,2010,4.74982585133,6.299803638539999,1995575.0
749,Lesotho,LSO,2011,4.75306253915,6.30354170824,2003793.0
750,Lesotho,LSO,2012,4.7588610653,6.3114187928900005,2014988.0
751,Lesotho,LSO,2013,4.76142671785,6.316003726650001,2028528.0
752,Lesotho,LSO,2014,4.7665925296700005,6.31765149901,2043448.0
753,Lesotho,LSO,2015,4.76896368733,6.32196933344,2059011.0
754,Lesotho,LSO,2016,4.77128075739,6.32741633605,2075041.0
755,Lesotho,LSO,2017,4.76830127395,6.32941636874,2091532.0
756,Liberia,LBR,1990,2.39642018176,4.72758843552,2075917.0
757,Liberia,LBR,1991,2.39579851829,4.717768389710001,2040141.0
758,Liberia,LBR,1992,2.39562351383,4.71098290441,2001612.0
759,Liberia,LBR,1993,2.39251812886,4.7066565354000005,1976701.0
760,Liberia,LBR,1994,2.3912331797,4.70011967101,1986491.0
761,Liberia,LBR,1995,2.39101093759,4.69652788285,2044657.0
762,Liberia,LBR,1996,2.39173239114,4.69266436674,2160480.0
763,Liberia,LBR,1997,2.3917279899,4.6899675511000005,2326210.0
764,Liberia,LBR,1998,2.39168682718,4.68729287049,2517472.0
765,Liberia,LBR,1999,2.38982965482,4.688139770049999,2699708.0
766,Liberia,LBR,2000,2.38984992627,4.68736417545,2848447.0
767,Liberia,LBR,2001,2.3796467159700003,4.75428787233,2953928.0
768,Liberia,LBR,2002,2.3605784520700004,4.908050917920001,3024727.0
769,Liberia,LBR,2003,2.33741084715,5.08681175324,3077055.0
770,Liberia,LBR,2004,2.31839095629,5.2365602698,3135654.0
771,Liberia,LBR,2005,2.30964426249,5.302195208700001,3218114.0
772,Liberia,LBR,2006,2.30965588378,5.29692664244,3329211.0
773,Liberia,LBR,2007,2.31146198861,5.28844429014,3461911.0
774,Liberia,LBR,2008,2.31291195718,5.27634861438,3607863.0
775,Liberia,LBR,2009,2.31409178742,5.26684353366,3754129.0
776,Liberia,LBR,2010,2.3153670278,5.26344694453,3891357.0
777,Liberia,LBR,2011,2.31648159596,5.26390824915,4017446.0
778,Liberia,LBR,2012,2.31729303645,5.26787801486,4135662.0
779,Liberia,LBR,2013,2.31901224664,5.2694749325100005,4248337.0
780,Liberia,LBR,2014,2.32095967731,5.27827108537,4359508.0
781,Liberia,LBR,2015,2.3226626258,5.28920816866,4472229.0
782,Liberia,LBR,2016,2.3223861715,5.30034725299,4586788.0
783,Liberia,LBR,2017,2.32474581509,5.31447017308,4702224.0
784,Libya,LBY,1990,3.10746868672,4.43384112481,4436663.0
785,Libya,LBY,1991,3.1003707946700003,4.426640625319999,4544245.0
786,Libya,LBY,1992,3.09623902473,4.41937791934,4650896.0
787,Libya,LBY,1993,3.09602730247,4.41629364225,4755134.0
788,Libya,LBY,1994,3.0945253014,4.41748585115,4854871.0
789,Libya,LBY,1995,3.09625153254,4.41678543526,4948796.0
790,Libya,LBY,1996,3.1007201975,4.41741121421,5036173.0
791,Libya,LBY,1997,3.11174776762,4.420645346520001,5118008.0
792,Libya,LBY,1998,3.12531844446,4.422182344109999,5196774.0
793,Libya,LBY,1999,3.1370250197800003,4.420306232050001,5275921.0
794,Libya,LBY,2000,3.14705756915,4.4225677846,5357893.0
795,Libya,LBY,2001,3.15381220625,4.42439938476,5443249.0
796,Libya,LBY,2002,3.16050689507,4.42530362136,5531097.0
797,Libya,LBY,2003,3.16528219416,4.42647400779,5620545.0
798,Libya,LBY,2004,3.1714338743800004,4.42517587351,5710163.0
799,Libya,LBY,2005,3.17590273573,4.4254962440600005,5798615.0
800,Libya,LBY,2006,3.17932009537,4.4226043521300005,5886874.0
801,Libya,LBY,2007,3.18335632394,4.41813532824,5974786.0
802,Libya,LBY,2008,3.1847088527,4.41506643732,6058740.0
803,Libya,LBY,2009,3.18921140682,4.41154887293,6133987.0
804,Libya,LBY,2010,3.19193183431,4.41082658501,6197667.0
805,Libya,LBY,2011,3.19197986272,4.40698030313,6247438.0
806,Libya,LBY,2012,3.19586909886,4.40725220339,6285751.0
807,Libya,LBY,2013,3.19831847452,4.40539382409,6320350.0
808,Libya,LBY,2014,3.20032325694,4.40988079127,6362039.0
809,Libya,LBY,2015,3.20865299707,4.41220926605,6418315.0
810,Libya,LBY,2016,3.21111432728,4.41329825791,6492160.0
811,Libya,LBY,2017,3.21630734694,4.416584530260001,6580723.0
812,Madagascar,MDG,1990,3.17787798013,4.36129040275,11598647.0
813,Madagascar,MDG,1991,3.17559792094,4.35973487468,11942809.0
814,Madagascar,MDG,1992,3.17178947796,4.35535845332,12301338.0
815,Madagascar,MDG,1993,3.16923154716,4.35223424602,12675469.0
816,Madagascar,MDG,1994,3.1687669454700003,4.34925749015,13066544.0
817,Madagascar,MDG,1995,3.1655979330700004,4.34434514432,13475403.0
818,Madagascar,MDG,1996,3.16551183172,4.34083849868,13902697.0
819,Madagascar,MDG,1997,3.16315568874,4.33297788475,14347860.0
820,Madagascar,MDG,1998,3.15795267428,4.32715562255,14808791.0
821,Madagascar,MDG,1999,3.15762327546,4.31861512346,15282524.0
822,Madagascar,MDG,2000,3.1550456129000004,4.3134571931800005,15766806.0
823,Madagascar,MDG,2001,3.1533847087699995,4.30856828938,16260933.0
824,Madagascar,MDG,2002,3.15119316024,4.30191415442,16765122.0
825,Madagascar,MDG,2003,3.1450524627200003,4.29735769336,17279139.0
826,Madagascar,MDG,2004,3.14424456047,4.29164269473,17802992.0
827,Madagascar,MDG,2005,3.14327194303,4.28408638066,18336722.0
828,Madagascar,MDG,2006,3.14149733739,4.27175100745,18880265.0
829,Madagascar,MDG,2007,3.13781036361,4.25443152625,19433520.0
830,Madagascar,MDG,2008,3.1362292868100003,4.2380376462900005,19996476.0
831,Madagascar,MDG,2009,3.13529079547,4.22261885048,20569115.0
832,Madagascar,MDG,2010,3.1347931316300004,4.21467892445,21151640.0
833,Madagascar,MDG,2011,3.13613840013,4.21648425181,21743970.0
834,Madagascar,MDG,2012,3.13652514218,4.21758082047,22346641.0
835,Madagascar,MDG,2013,3.1376694673700003,4.21843165349,22961259.0
836,Madagascar,MDG,2014,3.13962290754,4.22117688856,23589897.0
837,Madagascar,MDG,2015,3.14172890448,4.22639128702,24234080.0
838,Madagascar,MDG,2016,3.14423634233,4.23597858071,24894370.0
839,Madagascar,MDG,2017,3.14723825218,4.24390983864,25570511.0
840,Malawi,MWI,1990,2.85094662114,4.11780616239,9404499.0
841,Malawi,MWI,1991,2.86819135206,4.13838609206,9600361.0
842,Malawi,MWI,1992,2.87910777694,4.15116180819,9685974.0
843,Malawi,MWI,1993,2.88648296571,4.15706731984,9710335.0
844,Malawi,MWI,1994,2.89212444325,4.16219804109,9745695.0
845,Malawi,MWI,1995,2.89401725188,4.16094361734,9844418.0
846,Malawi,MWI,1996,2.88672153075,4.14460714042,10022783.0
847,Malawi,MWI,1997,2.87240432833,4.10457165506,10264906.0
848,Malawi,MWI,1998,2.85472332059,4.0513872457,10552345.0
849,Malawi,MWI,1999,2.83973133589,4.00135543937,10854325.0
850,Malawi,MWI,2000,2.83154828238,3.97059988266,11148751.0
851,Malawi,MWI,2001,2.83260423586,3.95539059008,11432001.0
852,Malawi,MWI,2002,2.83317629134,3.94423802056,11713663.0
853,Malawi,MWI,2003,2.83788380998,3.93175174752,12000183.0
854,Malawi,MWI,2004,2.84063537164,3.92267623524,12301837.0
855,Malawi,MWI,2005,2.8404119847,3.90768101882,12625950.0
856,Malawi,MWI,2006,2.8358808626000003,3.88486091814,12973693.0
857,Malawi,MWI,2007,2.82459732432,3.85810897074,13341808.0
858,Malawi,MWI,2008,2.81338226959,3.83378170589,13727899.0
859,Malawi,MWI,2009,2.80363377459,3.81192308847,14128161.0
860,Malawi,MWI,2010,2.79936067785,3.80352060187,14539609.0
861,Malawi,MWI,2011,2.8039211771000003,3.80615892407,14962118.0
862,Malawi,MWI,2012,2.80720069117,3.81465874171,15396010.0
863,Malawi,MWI,2013,2.81585889597,3.82618637963,15839287.0
864,Malawi,MWI,2014,2.82602328875,3.84275859891,16289550.0
865,Malawi,MWI,2015,2.83853706279,3.86780201569,16745305.0
866,Malawi,MWI,2016,2.85559288224,3.8959410746,17205253.0
867,Malawi,MWI,2017,2.87565136654,3.93016764517,17670193.0
868,Mali,MLI,1990,2.33055795826,3.73200723781,8449915.0
869,Mali,MLI,1991,2.32851587936,3.74379444886,8635528.0
870,Mali,MLI,1992,2.32812614964,3.75150911044,8850334.0
871,Mali,MLI,1993,2.32686883012,3.75619561753,9087173.0
872,Mali,MLI,1994,2.32228669349,3.7590478644,9334893.0
873,Mali,MLI,1995,2.3191916089,3.75890380553,9585660.0
874,Mali,MLI,1996,2.31288964492,3.74819560101,9837575.0
875,Mali,MLI,1997,2.30146968765,3.71973190109,10094363.0
876,Mali,MLI,1998,2.2891820504,3.68632296093,10360564.0
877,Mali,MLI,1999,2.28006022246,3.65341906259,10642937.0
878,Mali,MLI,2000,2.27331553068,3.63226245592,10946448.0
879,Mali,MLI,2001,2.27275895909,3.62112817932,11271603.0
880,Mali,MLI,2002,2.27034546882,3.61321556023,11616890.0
881,Mali,MLI,2003,2.27062119751,3.60600744132,11982692.0
882,Mali,MLI,2004,2.27063095305,3.6003910325,12369078.0
883,Mali,MLI,2005,2.26955974026,3.59253904792,12775509.0
884,Mali,MLI,2006,2.26941539855,3.59018346198,13203378.0
885,Mali,MLI,2007,2.26892708861,3.58573981621,13651455.0
886,Mali,MLI,2008,2.26791157211,3.58149306396,14113578.0
887,Mali,MLI,2009,2.26862661394,3.5806778424,14581427.0
888,Mali,MLI,2010,2.27020113991,3.5822053201900004,15049352.0
889,Mali,MLI,2011,2.27316726712,3.58838972426,15514593.0
890,Mali,MLI,2012,2.27766788842,3.5941586457,15979492.0
891,Mali,MLI,2013,2.28496451221,3.60835036836,16449854.0
892,Mali,MLI,2014,2.29356200723,3.62278714969,16934213.0
893,Mali,MLI,2015,2.30347500098,3.64151964365,17438772.0
894,Mali,MLI,2016,2.31416094696,3.66062509026,17965448.0
895,Mali,MLI,2017,2.32787752141,3.68477107964,18512429.0
896,Mauritania,MRT,1990,2.66814410192,3.60719121933,2034347.0
897,Mauritania,MRT,1991,2.66314582119,3.6118911199,2087914.0
898,Mauritania,MRT,1992,2.65701254923,3.61622813176,2142645.0
899,Mauritania,MRT,1993,2.6500289588,3.61763255334,2198538.0
900,Mauritania,MRT,1994,2.64556817124,3.61821014873,2255520.0
901,Mauritania,MRT,1995,2.63949379357,3.61652637175,2313630.0
902,Mauritania,MRT,1996,2.63289795161,3.60471321508,2372900.0
903,Mauritania,MRT,1997,2.62554565873,3.57984930901,2433567.0
904,Mauritania,MRT,1998,2.61832957683,3.55120570729,2496217.0
905,Mauritania,MRT,1999,2.61056304519,3.5210514079500004,2561584.0
906,Mauritania,MRT,2000,2.60310286633,3.5010388736,2630217.0
907,Mauritania,MRT,2001,2.59651770316,3.49205911741,2702405.0
908,Mauritania,MRT,2002,2.59013337848,3.4811317407199995,2778097.0
909,Mauritania,MRT,2003,2.58451767242,3.47102925162,2857150.0
910,Mauritania,MRT,2004,2.5801402575,3.46486127656,2939246.0
911,Mauritania,MRT,2005,2.57605247879,3.45934421309,3024198.0
912,Mauritania,MRT,2006,2.57210519484,3.45615052599,3111908.0
913,Mauritania,MRT,2007,2.56659783167,3.44957934625,3202512.0
914,Mauritania,MRT,2008,2.56026840933,3.44785212186,3296237.0
915,Mauritania,MRT,2009,2.55903658335,3.44674483589,3393408.0
916,Mauritania,MRT,2010,2.55840641038,3.44561775617,3494200.0
917,Mauritania,MRT,2011,2.56135521227,3.45173801517,3598646.0
918,Mauritania,MRT,2012,2.5645582568100003,3.4568609025400003,3706555.0
919,Mauritania,MRT,2013,2.5700954885700003,3.4706879519,3817497.0
920,Mauritania,MRT,2014,2.57787722043,3.48542578311,3930894.0
921,Mauritania,MRT,2015,2.58864413107,3.5029468184600003,4046304.0
922,Mauritania,MRT,2016,2.60126272056,3.52167860637,4163532.0
923,Mauritania,MRT,2017,2.6137145812,3.54635804106,4282582.0
924,Mauritius,MUS,1990,2.95343434888,4.305147266360001,1055869.0
925,Mauritius,MUS,1991,2.95712869779,4.3040793199,1068433.0
926,Mauritius,MUS,1992,2.9604158223600003,4.30391466927,1082948.0
927,Mauritius,MUS,1993,2.96261719838,4.30406574972,1098604.0
928,Mauritius,MUS,1994,2.96535338257,4.30353389904,1114146.0
929,Mauritius,MUS,1995,2.96742698005,4.30476028382,1128676.0
930,Mauritius,MUS,1996,2.96810688562,4.31151256512,1141952.0
931,Mauritius,MUS,1997,2.96688003232,4.33028213155,1154141.0
932,Mauritius,MUS,1998,2.96606535952,4.34809177022,1165292.0
933,Mauritius,MUS,1999,2.96279023757,4.36318103483,1175571.0
934,Mauritius,MUS,2000,2.95944957859,4.36127405108,1185147.0
935,Mauritius,MUS,2001,2.95536273367,4.34914830843,1193911.0
936,Mauritius,MUS,2002,2.94746185544,4.335169989660001,1201805.0
937,Mauritius,MUS,2003,2.93806971173,4.318689228699999,1208992.0
938,Mauritius,MUS,2004,2.93019828642,4.29801225718,1215668.0
939,Mauritius,MUS,2005,2.92253127363,4.27837851318,1222010.0
940,Mauritius,MUS,2006,2.91628537974,4.253180127839999,1228089.0
941,Mauritius,MUS,2007,2.91122683263,4.22621598102,1233890.0
942,Mauritius,MUS,2008,2.9062961292800003,4.1998362912700005,1239262.0
943,Mauritius,MUS,2009,2.90160241159,4.17456530498,1243996.0
944,Mauritius,MUS,2010,2.89938679936,4.15345303487,1247953.0
945,Mauritius,MUS,2011,2.8956852116,4.13413558424,1251074.0
946,Mauritius,MUS,2012,2.89340341322,4.11692392215,1253489.0
947,Mauritius,MUS,2013,2.88986890557,4.0974155769200005,1255458.0
948,Mauritius,MUS,2014,2.88796075654,4.08056745244,1257351.0
949,Mauritius,MUS,2015,2.88546815195,4.0633937621200005,1259457.0
950,Mauritius,MUS,2016,2.88535244874,4.04772821998,1261870.0
951,Mauritius,MUS,2017,2.88641081923,4.03082314343,1264497.0
952,Morocco,MAR,1990,4.44895606329,6.4516439116,24807461.0
953,Morocco,MAR,1991,4.434567760569999,6.44367919822,25260407.0
954,Morocco,MAR,1992,4.4234133795,6.44053376355,25711410.0
955,Morocco,MAR,1993,4.42282749273,6.443012563349999,26155204.0
956,Morocco,MAR,1994,4.42211782407,6.44956667366,26584473.0
957,Morocco,MAR,1995,4.42530474499,6.46192106572,26994255.0
958,Morocco,MAR,1996,4.45309760444,6.49521340494,27383472.0
959,Morocco,MAR,1997,4.5163071308700005,6.5608891704,27754573.0
960,Morocco,MAR,1998,4.590581418519999,6.638496797239999,28110447.0
961,Morocco,MAR,1999,4.65075575874,6.7066364692,28455504.0
962,Morocco,MAR,2000,4.68126317694,6.737289957580001,28793672.0
963,Morocco,MAR,2001,4.68470681535,6.74079858847,29126323.0
964,Morocco,MAR,2002,4.68656224417,6.73564548651,29454765.0
965,Morocco,MAR,2003,4.68422593465,6.725353040319999,29782884.0
966,Morocco,MAR,2004,4.68424764699,6.71373231128,30115196.0
967,Morocco,MAR,2005,4.68323663685,6.70856158353,30455563.0
968,Morocco,MAR,2006,4.681073352379999,6.70521025028,30804689.0
969,Morocco,MAR,2007,4.67762839459,6.70013546413,31163670.0
970,Morocco,MAR,2008,4.67531066763,6.698205755189999,31536807.0
971,Morocco,MAR,2009,4.66933908066,6.69073625296,31929087.0
972,Morocco,MAR,2010,4.659931938620001,6.67912230416,32343384.0
973,Morocco,MAR,2011,4.64863210932,6.66465895339,32781860.0
974,Morocco,MAR,2012,4.63041802914,6.6341440160400005,33241898.0
975,Morocco,MAR,2013,4.60270213396,6.59618013509,33715705.0
976,Morocco,MAR,2014,4.56729833548,6.550158713360001,34192358.0
977,Morocco,MAR,2015,4.52546119376,6.49908749629,34663608.0
978,Morocco,MAR,2016,4.4815094743,6.437784377020001,35126274.0
979,Morocco,MAR,2017,4.4312672762,6.37363006835,35581257.0
980,Mozambique,MOZ,1990,3.14882401965,4.29864627636,12987292.0
981,Mozambique,MOZ,1991,3.15531581054,4.30279271253,13328029.0
982,Mozambique,MOZ,1992,3.1605796201,4.30722691385,13805999.0
983,Mozambique,MOZ,1993,3.16651482947,4.30934638931,14370950.0
984,Mozambique,MOZ,1994,3.17350848049,4.314255109089999,14948050.0
985,Mozambique,MOZ,1995,3.17977565888,4.31628236717,15483277.0
986,Mozambique,MOZ,1996,3.18939646828,4.32373018817,15960445.0
987,Mozambique,MOZ,1997,3.19930651171,4.32934329862,16397175.0
988,Mozambique,MOZ,1998,3.20980640035,4.33402015253,16813946.0
989,Mozambique,MOZ,1999,3.22112576918,4.33912050586,17244176.0
990,Mozambique,MOZ,2000,3.23127347701,4.34582644497,17711925.0
991,Mozambique,MOZ,2001,3.24075377318,4.35021414514,18221884.0
992,Mozambique,MOZ,2002,3.2520999733200004,4.354975926130001,18764147.0
993,Mozambique,MOZ,2003,3.2648294749000004,4.35937190283,19331097.0
994,Mozambique,MOZ,2004,3.2775454134699995,4.36707900255,19910549.0
995,Mozambique,MOZ,2005,3.28618611328,4.3687102837200005,20493927.0
996,Mozambique,MOZ,2006,3.29593194096,4.36505176439,21080108.0
997,Mozambique,MOZ,2007,3.30660821485,4.35545320684,21673319.0
998,Mozambique,MOZ,2008,3.31664358746,4.34405134365,22276596.0
999,Mozambique,MOZ,2009,3.32621178843,4.336075335169999,22894718.0
1000,Mozambique,MOZ,2010,3.33084731431,4.332589426749999,23531567.0
1001,Mozambique,MOZ,2011,3.3353277561600003,4.3352567385,24187500.0
1002,Mozambique,MOZ,2012,3.33975151062,4.33677982618,24862673.0
1003,Mozambique,MOZ,2013,3.34078341359,4.34051692035,25560752.0
1004,Mozambique,MOZ,2014,3.34586336645,4.34175515032,26286192.0
1005,Mozambique,MOZ,2015,3.3464405538,4.34730911624,27042001.0
1006,Mozambique,MOZ,2016,3.3480927047899995,4.35123218633,27829930.0
1007,Mozambique,MOZ,2017,3.35098975652,4.35824308617,28649007.0
1008,Namibia,NAM,1990,3.08049382422,3.7261445229,1432899.0
1009,Namibia,NAM,1991,3.11617617837,3.76292430133,1476399.0
1010,Namibia,NAM,1992,3.14453659275,3.79053378976,1516951.0
1011,Namibia,NAM,1993,3.1657738013000003,3.81296969538,1555098.0
1012,Namibia,NAM,1994,3.18058341696,3.82785804519,1591826.0
1013,Namibia,NAM,1995,3.18779433693,3.83435656644,1627866.0
1014,Namibia,NAM,1996,3.18361769544,3.82979664482,1663378.0
1015,Namibia,NAM,1997,3.17045359401,3.81159603954,1698029.0
1016,Namibia,NAM,1998,3.1522567941699995,3.78805638869,1731635.0
1017,Namibia,NAM,1999,3.1367889797600004,3.76738208408,1763861.0
1018,Namibia,NAM,2000,3.1288806944100003,3.75624784715,1794583.0
1019,Namibia,NAM,2001,3.1280427685900003,3.75163406402,1823667.0
1020,Namibia,NAM,2002,3.12733910349,3.74691045867,1851519.0
1021,Namibia,NAM,2003,3.12643849023,3.74407201797,1879113.0
1022,Namibia,NAM,2004,3.12734400156,3.73957756575,1907737.0
1023,Namibia,NAM,2005,3.12564986314,3.73581697312,1938316.0
1024,Namibia,NAM,2006,3.11838440401,3.71885179434,1971318.0
1025,Namibia,NAM,2007,3.10639937687,3.6893392012,2006516.0
1026,Namibia,NAM,2008,3.09443366299,3.65826422745,2043382.0
1027,Namibia,NAM,2009,3.08427131167,3.63212161316,2081039.0
1028,Namibia,NAM,2010,3.08150889412,3.62265793114,2118877.0
1029,Namibia,NAM,2011,3.08383933204,3.62292157396,2156698.0
1030,Namibia,NAM,2012,3.09012054228,3.62529625462,2194777.0
1031,Namibia,NAM,2013,3.10101961181,3.63008575778,2233506.0
1032,Namibia,NAM,2014,3.1138617334300003,3.63501779845,2273426.0
1033,Namibia,NAM,2015,3.12999815502,3.64841908328,2314901.0
1034,Namibia,NAM,2016,3.1484306077099995,3.66266912937,2358044.0
1035,Namibia,NAM,2017,3.1742957973,3.68730847715,2402623.0
1036,Niger,NER,1990,2.6233461336,4.225577186220001,8026592.0
1037,Niger,NER,1991,2.61670114765,4.225615986209999,8288739.0
1038,Niger,NER,1992,2.61267331866,4.22873668602,8566773.0
1039,Niger,NER,1993,2.6084470149100003,4.22873263739,8860297.0
1040,Niger,NER,1994,2.60693072494,4.2325971719,9168316.0
1041,Niger,NER,1995,2.60527903934,4.23517206238,9490289.0
1042,Niger,NER,1996,2.60594609699,4.23705804176,9826600.0
1043,Niger,NER,1997,2.60680837624,4.24445905873,10178196.0
1044,Niger,NER,1998,2.60965362423,4.24419042977,10545720.0
1045,Niger,NER,1999,2.60930818802,4.2490656628700005,10929922.0
1046,Niger,NER,2000,2.61322381779,4.25141655021,11331561.0
1047,Niger,NER,2001,2.61669899846,4.25158433186,11751364.0
1048,Niger,NER,2002,2.62115399932,4.248512219919999,12189988.0
1049,Niger,NER,2003,2.62705590912,4.24515961676,12647983.0
1050,Niger,NER,2004,2.63072686398,4.24160667227,13125914.0
1051,Niger,NER,2005,2.63375694624,4.23744985019,13624474.0
1052,Niger,NER,2006,2.63530624902,4.23507749013,14143969.0
1053,Niger,NER,2007,2.6380362763100003,4.22342023674,14685404.0
1054,Niger,NER,2008,2.63964480889,4.2164603065,15250913.0
1055,Niger,NER,2009,2.6396960647900003,4.20667372278,15843131.0
1056,Niger,NER,2010,2.64352471669,4.20314254897,16464025.0
1057,Niger,NER,2011,2.64387928977,4.20346421112,17114770.0
1058,Niger,NER,2012,2.64749637326,4.203851859829999,17795209.0
1059,Niger,NER,2013,2.64786935028,4.20372584943,18504287.0
1060,Niger,NER,2014,2.6518400177,4.20478306927,19240182.0
1061,Niger,NER,2015,2.6556576404900003,4.2062251025,20001663.0
1062,Niger,NER,2016,2.66086439963,4.21053607082,20788789.0
1063,Niger,NER,2017,2.66433459578,4.21610175053,21602388.0
1064,Nigeria,NGA,1990,3.07229289906,4.923923863420001,95212454.0
1065,Nigeria,NGA,1991,3.05580769756,4.89984931643,97667632.0
1066,Nigeria,NGA,1992,3.04542858281,4.88513755488,100161708.0
1067,Nigeria,NGA,1993,3.03957131519,4.87530230337,102700751.0
1068,Nigeria,NGA,1994,3.03564691584,4.8736597037500005,105293701.0
1069,Nigeria,NGA,1995,3.03593077175,4.87307130871,107948339.0
1070,Nigeria,NGA,1996,3.0504171810100003,4.8995471689,110668784.0
1071,Nigeria,NGA,1997,3.0855412437100003,4.96168628669,113457661.0
1072,Nigeria,NGA,1998,3.12865157741,5.03581692669,116319763.0
1073,Nigeria,NGA,1999,3.16668929054,5.09802400144,119260055.0
1074,Nigeria,NGA,2000,3.18643342049,5.12249454967,122283853.0
1075,Nigeria,NGA,2001,3.1881575113700005,5.11398545423,125394046.0
1076,Nigeria,NGA,2002,3.1783961356500003,5.09342926321,128596079.0
1077,Nigeria,NGA,2003,3.16732855685,5.06425733088,131900634.0
1078,Nigeria,NGA,2004,3.15927575898,5.039530893799999,135320420.0
1079,Nigeria,NGA,2005,3.15811362967,5.03176369425,138865014.0
1080,Nigeria,NGA,2006,3.1729521976500004,5.047225228309999,142538305.0
1081,Nigeria,NGA,2007,3.20079268906,5.08430972846,146339971.0
1082,Nigeria,NGA,2008,3.23312956342,5.122946433919999,150269622.0
1083,Nigeria,NGA,2009,3.25728495441,5.160334163,154324939.0
1084,Nigeria,NGA,2010,3.2698841813,5.17561875988,158503203.0
1085,Nigeria,NGA,2011,3.26382472763,5.16675992046,162805080.0
1086,Nigeria,NGA,2012,3.25155794704,5.13645634721,167228803.0
1087,Nigeria,NGA,2013,3.22497156829,5.08659652739,171765819.0
1088,Nigeria,NGA,2014,3.19111255145,5.01906521845,176404931.0
1089,Nigeria,NGA,2015,3.14514419521,4.93193935832,181137454.0
1090,Nigeria,NGA,2016,3.09141780822,4.834135418080001,185960244.0
1091,Nigeria,NGA,2017,3.02857562872,4.72031762818,190873247.0
1092,Rwanda,RWA,1990,3.26203895428,5.02662945239,7288883.0
1093,Rwanda,RWA,1991,3.26455515987,5.06456255962,7083928.0
1094,Rwanda,RWA,1992,3.26618928274,5.09275115135,6702239.0
1095,Rwanda,RWA,1993,3.26303333608,5.1124865535,6263758.0
1096,Rwanda,RWA,1994,3.2647641881700005,5.12706879558,5936253.0
1097,Rwanda,RWA,1995,3.26443024785,5.13318777505,5836490.0
1098,Rwanda,RWA,1996,3.25777616898,5.124202422940001,6013112.0
1099,Rwanda,RWA,1997,3.25282330339,5.10262324212,6419898.0
1100,Rwanda,RWA,1998,3.24348662735,5.07527279252,6962800.0
1101,Rwanda,RWA,1999,3.23345580941,5.04693239534,7501238.0
1102,Rwanda,RWA,2000,3.21964178024,5.0176009949,7933688.0
1103,Rwanda,RWA,2001,3.20499095037,4.99023449772,8231150.0
1104,Rwanda,RWA,2002,3.18296521725,4.96563678723,8427061.0
1105,Rwanda,RWA,2003,3.16228621594,4.94018501177,8557160.0
1106,Rwanda,RWA,2004,3.1333002725000005,4.91036694831,8680516.0
1107,Rwanda,RWA,2005,3.11039391255,4.8767615067,8840220.0
1108,Rwanda,RWA,2006,3.08434969086,4.812893456379999,9043342.0
1109,Rwanda,RWA,2007,3.05325404309,4.72044304412,9273759.0
1110,Rwanda,RWA,2008,3.02558921675,4.62356181511,9524532.0
1111,Rwanda,RWA,2009,3.0055575031600004,4.54987560886,9782770.0
1112,Rwanda,RWA,2010,2.99605323648,4.51981918503,10039338.0
1113,Rwanda,RWA,2011,2.99755558416,4.52107356986,10293333.0
1114,Rwanda,RWA,2012,3.00000256515,4.52345637065,10549668.0
1115,Rwanda,RWA,2013,3.00406749531,4.52687784777,10811538.0
1116,Rwanda,RWA,2014,3.00612118104,4.5312993522600005,11083629.0
1117,Rwanda,RWA,2015,3.01336948896,4.54065346339,11369066.0
1118,Rwanda,RWA,2016,3.018939439,4.54907429072,11668829.0
1119,Rwanda,RWA,2017,3.02443699608,4.56088777203,11980960.0
1120,Sao Tome and Principe,STP,1990,2.39846486651,3.84854983798,119211.0
1121,Sao Tome and Principe,STP,1991,2.38488722347,3.83158454193,121949.0
1122,Sao Tome and Principe,STP,1992,2.37062652923,3.81521324029,124574.0
1123,Sao Tome and Principe,STP,1993,2.35922824956,3.80145946465,127066.0
1124,Sao Tome and Principe,STP,1994,2.35073482032,3.79309690929,129426.0
1125,Sao Tome and Principe,STP,1995,2.3478605207,3.79006789942,131679.0
1126,Sao Tome and Principe,STP,1996,2.34732939274,3.78764580827,133799.0
1127,Sao Tome and Principe,STP,1997,2.34662890654,3.78787116447,135831.0
1128,Sao Tome and Principe,STP,1998,2.34772384052,3.7881527345,137855.0
1129,Sao Tome and Principe,STP,1999,2.34746901211,3.78991522808,139964.0
1130,Sao Tome and Principe,STP,2000,2.34918172978,3.79112964376,142264.0
1131,Sao Tome and Principe,STP,2001,2.3505165099000003,3.794001813830001,144760.0
1132,Sao Tome and Principe,STP,2002,2.35639958074,3.80364550913,147450.0
1133,Sao Tome and Principe,STP,2003,2.36425158254,3.8113979485,150405.0
1134,Sao Tome and Principe,STP,2004,2.36859767292,3.81969531229,153736.0
1135,Sao Tome and Principe,STP,2005,2.37513622827,3.82330150703,157472.0
1136,Sao Tome and Principe,STP,2006,2.37356543137,3.820495975270001,161676.0
1137,Sao Tome and Principe,STP,2007,2.36962302274,3.81430337413,166297.0
1138,Sao Tome and Principe,STP,2008,2.3621647231,3.80610044839,171122.0
1139,Sao Tome and Principe,STP,2009,2.36086457784,3.79767681135,175877.0
1140,Sao Tome and Principe,STP,2010,2.3584678952,3.79576519407,180372.0
1141,Sao Tome and Principe,STP,2011,2.35961518179,3.79737528231,184521.0
1142,Sao Tome and Principe,STP,2012,2.36334097901,3.79996946109,188394.0
1143,Sao Tome and Principe,STP,2013,2.3676467126,3.80409633539,192076.0
1144,Sao Tome and Principe,STP,2014,2.37371089598,3.81023443836,195727.0
1145,Sao Tome and Principe,STP,2015,2.3793179161,3.82015186683,199439.0
1146,Sao Tome and Principe,STP,2016,2.38832943541,3.83128771374,203221.0
1147,Sao Tome and Principe,STP,2017,2.40030325589,3.84335289365,207086.0
1148,Senegal,SEN,1990,2.81267593932,3.829582281370001,7526306.0
1149,Senegal,SEN,1991,2.8130494041,3.83802784544,7755503.0
1150,Senegal,SEN,1992,2.8157796128,3.84451184902,7990090.0
1151,Senegal,SEN,1993,2.81312316947,3.84864082027,8226749.0
1152,Senegal,SEN,1994,2.81360250824,3.84910474155,8461066.0
1153,Senegal,SEN,1995,2.8151925888,3.84866583678,8690155.0
1154,Senegal,SEN,1996,2.81001276608,3.84050679407,8912872.0
1155,Senegal,SEN,1997,2.80418780457,3.81492940833,9130876.0
1156,Senegal,SEN,1998,2.79696691455,3.78423497938,9347777.0
1157,Senegal,SEN,1999,2.78982935524,3.75976321425,9568717.0
1158,Senegal,SEN,2000,2.78636092704,3.74657396022,9797731.0
1159,Senegal,SEN,2001,2.78452640212,3.74482304938,10036102.0
1160,Senegal,SEN,2002,2.78452540303,3.74375691373,10283694.0
1161,Senegal,SEN,2003,2.78459569637,3.74548465527,10541470.0
1162,Senegal,SEN,2004,2.78403879612,3.7463541811,10810086.0
1163,Senegal,SEN,2005,2.782899685,3.74771992548,11090123.0
1164,Senegal,SEN,2006,2.78249803761,3.74638880303,11382272.0
1165,Senegal,SEN,2007,2.78331426877,3.74356144185,11687078.0
1166,Senegal,SEN,2008,2.78528351928,3.7421580317,12004700.0
1167,Senegal,SEN,2009,2.78447568344,3.73950791377,12335092.0
1168,Senegal,SEN,2010,2.78546526626,3.74039510142,12678143.0
1169,Senegal,SEN,2011,2.78704771922,3.74766709332,13033814.0
1170,Senegal,SEN,2012,2.7897051264200003,3.75869402646,13401990.0
1171,Senegal,SEN,2013,2.79513821232,3.77247676471,13782429.0
1172,Senegal,SEN,2014,2.80232683349,3.79580501459,14174740.0
1173,Senegal,SEN,2015,2.80651582577,3.82101928841,14578450.0
1174,Senegal,SEN,2016,2.81639536906,3.85042659515,14993514.0
1175,Senegal,SEN,2017,2.82515180395,3.881542907100001,15419354.0
1176,Seychelles,SYC,1990,2.65802086548,3.26167071585,70572.0
1177,Seychelles,SYC,1991,2.66409828254,3.257594918070001,71446.0
1178,Seychelles,SYC,1992,2.66876053795,3.25484462884,72661.0
1179,Seychelles,SYC,1993,2.67387984739,3.25200601854,74071.0
1180,Seychelles,SYC,1994,2.67545436744,3.25078529206,75444.0
1181,Seychelles,SYC,1995,2.67849139172,3.2471216794,76653.0
1182,Seychelles,SYC,1996,2.67739725931,3.24775139142,77597.0
1183,Seychelles,SYC,1997,2.6719980531500003,3.24810847746,78357.0
1184,Seychelles,SYC,1998,2.66389680171,3.2480211696000003,79064.0
1185,Seychelles,SYC,1999,2.65167183327,3.24769658347,79904.0
1186,Seychelles,SYC,2000,2.64593921784,3.24768140408,80998.0
1187,Seychelles,SYC,2001,2.63411928958,3.2499554748,82413.0
1188,Seychelles,SYC,2002,2.62610585216,3.2504605919300005,84077.0
1189,Seychelles,SYC,2003,2.61450786596,3.25338262416,85807.0
1190,Seychelles,SYC,2004,2.60580410473,3.2558422677400003,87388.0
1191,Seychelles,SYC,2005,2.59803755354,3.25529551123,88652.0
1192,Seychelles,SYC,2006,2.5914829734,3.25063295639,89528.0
1193,Seychelles,SYC,2007,2.58476464761,3.24216576502,90082.0
1194,Seychelles,SYC,2008,2.5775238649200003,3.23188093584,90450.0
1195,Seychelles,SYC,2009,2.57263326111,3.22198673402,90788.0
1196,Seychelles,SYC,2010,2.56808083052,3.21961758298,91273.0
1197,Seychelles,SYC,2011,2.5664699056,3.21993468336,91882.0
1198,Seychelles,SYC,2012,2.56338380364,3.21954029877,92608.0
1199,Seychelles,SYC,2013,2.56113509937,3.22148627681,93397.0
1200,Seychelles,SYC,2014,2.55591013991,3.22358512151,94214.0
1201,Seychelles,SYC,2015,2.55139141405,3.2286619986300003,94981.0
1202,Seychelles,SYC,2016,2.54822065932,3.2337546773700003,95711.0
1203,Seychelles,SYC,2017,2.5452963846300003,3.24265365197,96418.0
1204,Sierra Leone,SLE,1990,2.66726095008,4.15987933501,4319763.0
1205,Sierra Leone,SLE,1991,2.66672653499,4.1643806234300005,4348663.0
1206,Sierra Leone,SLE,1992,2.66754277438,4.17146877109,4347727.0
1207,Sierra Leone,SLE,1993,2.66944078353,4.17945189281,4328965.0
1208,Sierra Leone,SLE,1994,2.67314881605,4.18987075769,4309780.0
1209,Sierra Leone,SLE,1995,2.67676558526,4.20007607276,4303953.0
1210,Sierra Leone,SLE,1996,2.68169358603,4.21401951906,4312660.0
1211,Sierra Leone,SLE,1997,2.68988723428,4.23258006375,4335295.0
1212,Sierra Leone,SLE,1998,2.7002728081300003,4.25659146945,4381484.0
1213,Sierra Leone,SLE,1999,2.70986555813,4.278350424,4462374.0
1214,Sierra Leone,SLE,2000,2.71766643588,4.29863232055,4584570.0
1215,Sierra Leone,SLE,2001,2.72279386933,4.31489131476,4754069.0
1216,Sierra Leone,SLE,2002,2.72784679941,4.332076738,4965770.0
1217,Sierra Leone,SLE,2003,2.7335716966500003,4.34713443246,5201074.0
1218,Sierra Leone,SLE,2004,2.73813586166,4.36376816453,5433995.0
1219,Sierra Leone,SLE,2005,2.73854796733,4.37577745263,5645629.0
1220,Sierra Leone,SLE,2006,2.73937919953,4.38600090365,5829240.0
1221,Sierra Leone,SLE,2007,2.7375378833,4.39489566527,5989641.0
1222,Sierra Leone,SLE,2008,2.73493169036,4.40205639864,6133599.0
1223,Sierra Leone,SLE,2009,2.73462652911,4.40822725573,6272735.0
1224,Sierra Leone,SLE,2010,2.73270392344,4.41162590807,6415636.0
1225,Sierra Leone,SLE,2011,2.73321217004,4.41291618558,6563238.0
1226,Sierra Leone,SLE,2012,2.73365446799,4.41227597047,6712586.0
1227,Sierra Leone,SLE,2013,2.73759862855,4.41301333822,6863975.0
1228,Sierra Leone,SLE,2014,2.73632700298,4.41434422792,7017153.0
1229,Sierra Leone,SLE,2015,2.73990630805,4.41273936704,7171909.0
1230,Sierra Leone,SLE,2016,2.74154897259,4.4115019254300005,7328846.0
1231,Sierra Leone,SLE,2017,2.74587750038,4.41073016886,7488427.0
1232,Somalia,SOM,1990,3.05209608651,4.47938413487,7225089.0
1233,Somalia,SOM,1991,3.05310784013,4.485358301250001,7274026.0
1234,Somalia,SOM,1992,3.05420172466,4.48723869098,7295380.0
1235,Somalia,SOM,1993,3.0560053052900003,4.4880365671,7315864.0
1236,Somalia,SOM,1994,3.0571360755800003,4.49022840134,7372592.0
1237,Somalia,SOM,1995,3.05700614939,4.49224130699,7491647.0
1238,Somalia,SOM,1996,3.05751735851,4.49527633144,7682683.0
1239,Somalia,SOM,1997,3.05855283219,4.495292751,7936122.0
1240,Somalia,SOM,1998,3.06018734443,4.49332117442,8235064.0
1241,Somalia,SOM,1999,3.06219250459,4.49641071938,8553595.0
1242,Somalia,SOM,2000,3.0640615918500003,4.49821331354,8872250.0
1243,Somalia,SOM,2001,3.06626147835,4.49843808702,9186719.0
1244,Somalia,SOM,2002,3.06949842525,4.49583850172,9501335.0
1245,Somalia,SOM,2003,3.07189005167,4.495056769780001,9815412.0
1246,Somalia,SOM,2004,3.07400149993,4.49297198674,10130251.0
1247,Somalia,SOM,2005,3.07562023926,4.49208981163,10446856.0
1248,Somalia,SOM,2006,3.07420956995,4.48981099706,10763904.0
1249,Somalia,SOM,2007,3.07190292046,4.4824786685,11080122.0
1250,Somalia,SOM,2008,3.06648668589,4.47676631998,11397188.0
1251,Somalia,SOM,2009,3.06141934766,4.4709418798,11717691.0
1252,Somalia,SOM,2010,3.06114598892,4.46686842672,12043886.0
1253,Somalia,SOM,2011,3.06338737024,4.46686990014,12376305.0
1254,Somalia,SOM,2012,3.06587225048,4.46547891914,12715487.0
1255,Somalia,SOM,2013,3.06847781001,4.46641672232,13063711.0
1256,Somalia,SOM,2014,3.07115667421,4.46879240553,13423571.0
1257,Somalia,SOM,2015,3.07545770151,4.47023997171,13797204.0
1258,Somalia,SOM,2016,3.08120488465,4.471794902879999,14185635.0
1259,Somalia,SOM,2017,3.08572608929,4.47367272002,14589165.0
1260,South Africa,ZAF,1990,3.20173542465,4.22421648863,36800507.0
1261,South Africa,ZAF,1991,3.1973498867,4.201422218559999,37718952.0
1262,South Africa,ZAF,1992,3.19321984176,4.18092410908,38672611.0
1263,South Africa,ZAF,1993,3.18928554202,4.16423717024,39633754.0
1264,South Africa,ZAF,1994,3.1849574429700005,4.15069443708,40564061.0
1265,South Africa,ZAF,1995,3.1813770230600005,4.14280820208,41435761.0
1266,South Africa,ZAF,1996,3.1775152665099995,4.13597458796,42241007.0
1267,South Africa,ZAF,1997,3.1706951949099995,4.1289719505,42987456.0
1268,South Africa,ZAF,1998,3.16406193823,4.12162624382,43682259.0
1269,South Africa,ZAF,1999,3.16058825564,4.11837871604,44338551.0
1270,South Africa,ZAF,2000,3.16120908226,4.1190230219,44967713.0
1271,South Africa,ZAF,2001,3.17163116243,4.12759823503,45571272.0
1272,South Africa,ZAF,2002,3.19188211438,4.14405554963,46150913.0
1273,South Africa,ZAF,2003,3.21402929109,4.16210739206,46719203.0
1274,South Africa,ZAF,2004,3.2321428965,4.17604108838,47291610.0
1275,South Africa,ZAF,2005,3.24061072991,4.18146299108,47880595.0
1276,South Africa,ZAF,2006,3.23656231491,4.17314826984,48489464.0
1277,South Africa,ZAF,2007,3.22299613267,4.1565580606,49119766.0
1278,South Africa,ZAF,2008,3.2074778537999995,4.13611388797,49779472.0
1279,South Africa,ZAF,2009,3.1936990412200004,4.11848586961,50477013.0
1280,South Africa,ZAF,2010,3.18801223396,4.10966508697,51216967.0
1281,South Africa,ZAF,2011,3.1915049794,4.10811724581,52003759.0
1282,South Africa,ZAF,2012,3.1975530830200003,4.10651328941,52832659.0
1283,South Africa,ZAF,2013,3.2072422203000004,4.1057843014,53687125.0
1284,South Africa,ZAF,2014,3.2203323342,4.10715285433,54544184.0
1285,South Africa,ZAF,2015,3.23611729527,4.112187716029999,55386369.0
1286,South Africa,ZAF,2016,3.25567945538,4.11957068732,56207649.0
1287,South Africa,ZAF,2017,3.27850433094,4.13105310549,57009751.0
1288,South Sudan,SSD,1990,2.9971089711100003,4.33699398619,5492620.0
1289,South Sudan,SSD,1991,2.99765586865,4.335286543840001,5420179.0
1290,South Sudan,SSD,1992,2.99701996284,4.33665567581,5305449.0
1291,South Sudan,SSD,1993,2.9978641724800004,4.33855379247,5185712.0
1292,South Sudan,SSD,1994,2.99882934592,4.33701961176,5111371.0
1293,South Sudan,SSD,1995,3.00202778621,4.33837286712,5118084.0
1294,South Sudan,SSD,1996,3.00686753833,4.34029651038,5221925.0
1295,South Sudan,SSD,1997,3.01314262599,4.34697637372,5411653.0
1296,South Sudan,SSD,1998,3.01957800482,4.35342713676,5661934.0
1297,South Sudan,SSD,1999,3.02713390539,4.36057439606,5933884.0
1298,South Sudan,SSD,2000,3.03268138697,4.36567541342,6199396.0
1299,South Sudan,SSD,2001,3.03660501632,4.369284131710001,6447791.0
1300,South Sudan,SSD,2002,3.04124939779,4.37066177185,6688225.0
1301,South Sudan,SSD,2003,3.04358780851,4.3740786410800006,6935665.0
1302,South Sudan,SSD,2004,3.04591452765,4.37205502121,7213354.0
1303,South Sudan,SSD,2005,3.0497443307100003,4.37348573978,7535931.0
1304,South Sudan,SSD,2006,3.04887847657,4.37188065407,7907407.0
1305,South Sudan,SSD,2007,3.04950587263,4.36699672521,8315144.0
1306,South Sudan,SSD,2008,3.0479406863,4.35931088919,8736932.0
1307,South Sudan,SSD,2009,3.04826344199,4.3584927067,9142258.0
1308,South Sudan,SSD,2010,3.04848414647,4.35507159313,9508372.0
1309,South Sudan,SSD,2011,3.04910475515,4.35503460838,9830695.0
1310,South Sudan,SSD,2012,3.05009708739,4.35509991289,10113648.0
1311,South Sudan,SSD,2013,3.05133177041,4.35898063641,10355030.0
1312,South Sudan,SSD,2014,3.05484652024,4.35714802575,10554882.0
1313,South Sudan,SSD,2015,3.05901181617,4.36049812588,10715657.0
1314,South Sudan,SSD,2016,3.06271489132,4.36422553484,10832520.0
1315,South Sudan,SSD,2017,3.06511939318,4.37032529674,10910774.0
1316,Sudan,SDN,1990,3.24788222808,4.259526335,20147592.0
1317,Sudan,SDN,1991,3.24639410701,4.282839775499999,20891442.0
1318,Sudan,SDN,1992,3.24624591892,4.3007253508300005,21696240.0
1319,Sudan,SDN,1993,3.24591456143,4.31654645231,22527837.0
1320,Sudan,SDN,1994,3.2475858146300003,4.32609628252,23338465.0
1321,Sudan,SDN,1995,3.24726014225,4.33140096684,24094741.0
1322,Sudan,SDN,1996,3.2500887749,4.33212971616,24782384.0
1323,Sudan,SDN,1997,3.25195497268,4.3316910624,25413912.0
1324,Sudan,SDN,1998,3.25577578624,4.32949960822,26015518.0
1325,Sudan,SDN,1999,3.26194504255,4.32677492765,26626512.0
1326,Sudan,SDN,2000,3.2647245930300004,4.323628948830001,27275019.0
1327,Sudan,SDN,2001,3.26521569725,4.32226762988,27971077.0
1328,Sudan,SDN,2002,3.26952569518,4.32001334485,28704786.0
1329,Sudan,SDN,2003,3.27397991147,4.31616927725,29460517.0
1330,Sudan,SDN,2004,3.2759406867,4.31648061906,30214189.0
1331,Sudan,SDN,2005,3.27812338833,4.31270678758,30949514.0
1332,Sudan,SDN,2006,3.27881781027,4.31234017595,31661824.0
1333,Sudan,SDN,2007,3.28027150744,4.31190118849,32360619.0
1334,Sudan,SDN,2008,3.28136691755,4.31040034113,33060844.0
1335,Sudan,SDN,2009,3.2812849118600003,4.30919844924,33783779.0
1336,Sudan,SDN,2010,3.28269418564,4.306412019320001,34545014.0
1337,Sudan,SDN,2011,3.2844392663,4.30366119748,35349676.0
1338,Sudan,SDN,2012,3.2887283003500003,4.30032850496,36193781.0
1339,Sudan,SDN,2013,3.29105327206,4.29541535642,37072555.0
1340,Sudan,SDN,2014,3.29067548195,4.29054064041,37977657.0
1341,Sudan,SDN,2015,3.2962280453600004,4.283730290099999,38902948.0
1342,Sudan,SDN,2016,3.296753922,4.27940127696,39847433.0
1343,Sudan,SDN,2017,3.30251911583,4.27242358205,40813398.0
1344,Tanzania,TZA,1990,3.07041055927,4.42009598615,25203848.0
1345,Tanzania,TZA,1991,3.06745302294,4.42249369508,26056605.0
1346,Tanzania,TZA,1992,3.06359568663,4.4234377392,26961204.0
1347,Tanzania,TZA,1993,3.05933444046,4.42364820538,27887204.0
1348,Tanzania,TZA,1994,3.05272073446,4.42184469546,28792649.0
1349,Tanzania,TZA,1995,3.04859962216,4.421297538869999,29649128.0
1350,Tanzania,TZA,1996,3.04202067481,4.420238603970001,30444523.0
1351,Tanzania,TZA,1997,3.03381950164,4.41966156385,31192853.0
1352,Tanzania,TZA,1998,3.02641377144,4.41721598921,31924201.0
1353,Tanzania,TZA,1999,3.02033211496,4.41358315114,32682240.0
1354,Tanzania,TZA,2000,3.01169846026,4.40619781993,33499177.0
1355,Tanzania,TZA,2001,3.00626858461,4.40222156307,34385849.0
1356,Tanzania,TZA,2002,3.0007111386600003,4.39479805293,35334790.0
1357,Tanzania,TZA,2003,2.9924381256,4.38366455146,36337778.0
1358,Tanzania,TZA,2004,2.9871102269,4.37166201842,37379766.0
1359,Tanzania,TZA,2005,2.98280821236,4.36156591502,38450323.0
1360,Tanzania,TZA,2006,2.97499831567,4.34658911908,39548666.0
1361,Tanzania,TZA,2007,2.96853203134,4.32980774899,40681416.0
1362,Tanzania,TZA,2008,2.96330659454,4.30821389989,41853944.0
1363,Tanzania,TZA,2009,2.96108398582,4.29354528503,43073830.0
1364,Tanzania,TZA,2010,2.96125370335,4.288578862830001,44346532.0
1365,Tanzania,TZA,2011,2.96345716364,4.2897785448,45673520.0
1366,Tanzania,TZA,2012,2.96598915072,4.29083716603,47053033.0
1367,Tanzania,TZA,2013,2.96930028425,4.292460391640001,48483132.0
1368,Tanzania,TZA,2014,2.975024497,4.29724911496,49960563.0
1369,Tanzania,TZA,2015,2.98007950691,4.30207811127,51482638.0
1370,Tanzania,TZA,2016,2.98815331556,4.30822634178,53049231.0
1371,Tanzania,TZA,2017,2.99608904634,4.31369723058,54660345.0
1372,Togo,TGO,1990,2.78031104082,4.25092025873,3774310.0
1373,Togo,TGO,1991,2.78538354073,4.25808669363,3862998.0
1374,Togo,TGO,1992,2.79151641614,4.26182239415,3945902.0
1375,Togo,TGO,1993,2.79809617125,4.265543786329999,4029044.0
1376,Togo,TGO,1994,2.80402194824,4.26903672256,4120615.0
1377,Togo,TGO,1995,2.81398892262,4.27367245962,4226293.0
1378,Togo,TGO,1996,2.82286482594,4.27509511153,4348808.0
1379,Togo,TGO,1997,2.83530825288,4.28029855763,4485945.0
1380,Togo,TGO,1998,2.84654682067,4.28545356459,4632451.0
1381,Togo,TGO,1999,2.85845658211,4.28720012908,4780455.0
1382,Togo,TGO,2000,2.86812008878,4.29129196196,4924406.0
1383,Togo,TGO,2001,2.87630493416,4.289928892840001,5062571.0
1384,Togo,TGO,2002,2.88253148122,4.28887512328,5197040.0
1385,Togo,TGO,2003,2.89057345293,4.28981199514,5330629.0
1386,Togo,TGO,2004,2.8969418365800004,4.28875547957,5467770.0
1387,Togo,TGO,2005,2.90180385725,4.28636157389,5611643.0
1388,Togo,TGO,2006,2.90615279634,4.2853032376,5762881.0
1389,Togo,TGO,2007,2.91312913084,4.28238239855,5920360.0
1390,Togo,TGO,2008,2.91979419434,4.27912342373,6083417.0
1391,Togo,TGO,2009,2.92291446617,4.276066956949999,6250840.0
1392,Togo,TGO,2010,2.92731098674,4.2754111043,6421674.0
1393,Togo,TGO,2011,2.92714502564,4.27459491155,6595939.0
1394,Togo,TGO,2012,2.92766654747,4.271993853960001,6773807.0
1395,Togo,TGO,2013,2.92889871942,4.27294893391,6954721.0
1396,Togo,TGO,2014,2.93174845919,4.27313166163,7137997.0
1397,Togo,TGO,2015,2.93111957639,4.2711747922,7323162.0
1398,Togo,TGO,2016,2.93373069652,4.2694963901300005,7509952.0
1399,Togo,TGO,2017,2.93487360266,4.27052465437,7698476.0
1400,Tunisia,TUN,1990,3.22388342702,4.56626403899,8242509.0
1401,Tunisia,TUN,1991,3.2199729916,4.56616312797,8427851.0
1402,Tunisia,TUN,1992,3.2179485650300004,4.56446370454,8613855.0
1403,Tunisia,TUN,1993,3.2166067172199995,4.56272767073,8795934.0
1404,Tunisia,TUN,1994,3.21780003839,4.56312185055,8967916.0
1405,Tunisia,TUN,1995,3.21855871886,4.56294842187,9125400.0
1406,Tunisia,TUN,1996,3.22457694952,4.55948749141,9267335.0
1407,Tunisia,TUN,1997,3.24012097648,4.551647723079999,9395119.0
1408,Tunisia,TUN,1998,3.25555995902,4.54584690679,9509862.0
1409,Tunisia,TUN,1999,3.26819319979,4.53827830732,9613587.0
1410,Tunisia,TUN,2000,3.27750649831,4.53674350732,9708347.0
1411,Tunisia,TUN,2001,3.28027192757,4.53811544252,9793915.0
1412,Tunisia,TUN,2002,3.28302056361,4.53785659972,9871261.0
1413,Tunisia,TUN,2003,3.28327224083,4.53540409623,9945282.0
1414,Tunisia,TUN,2004,3.2849698429300003,4.5393151093,10022278.0
1415,Tunisia,TUN,2005,3.2863765811500003,4.53795471936,10106778.0
1416,Tunisia,TUN,2006,3.28419522882,4.53425205295,10201211.0
1417,Tunisia,TUN,2007,3.28125098924,4.527357153460001,10304729.0
1418,Tunisia,TUN,2008,3.27673557349,4.51929899206,10414425.0
1419,Tunisia,TUN,2009,3.27295290513,4.51615165944,10525691.0
1420,Tunisia,TUN,2010,3.27041854693,4.51354861877,10635245.0
1421,Tunisia,TUN,2011,3.26879875746,4.513576771129999,10741872.0
1422,Tunisia,TUN,2012,3.26679592942,4.51397281302,10846993.0
1423,Tunisia,TUN,2013,3.26654114277,4.51859075961,10952949.0
1424,Tunisia,TUN,2014,3.26464829728,4.51918532391,11063195.0
1425,Tunisia,TUN,2015,3.26517680357,4.5212907518700005,11179951.0
1426,Tunisia,TUN,2016,3.26493878308,4.5238631832500005,11303942.0
1427,Tunisia,TUN,2017,3.26501446856,4.53086901975,11433438.0
1428,Uganda,UGA,1990,4.22764122289,5.76864411002,17354395.0
1429,Uganda,UGA,1991,4.26012636938,5.80917534543,17953534.0
1430,Uganda,UGA,1992,4.2936938513300005,5.85466230725,18561668.0
1431,Uganda,UGA,1993,4.326450423320001,5.90387418263,19175986.0
1432,Uganda,UGA,1994,4.3600523755400005,5.95048557054,19793541.0
1433,Uganda,UGA,1995,4.39077445198,6.00012242144,20413157.0
1434,Uganda,UGA,1996,4.4287861707300005,6.06109980825,21032817.0
1435,Uganda,UGA,1997,4.47169380506,6.13628295185,21655392.0
1436,Uganda,UGA,1998,4.51344764608,6.21223993757,22290787.0
1437,Uganda,UGA,1999,4.5449904968,6.265727437180001,22952406.0
1438,Uganda,UGA,2000,4.55767091546,6.29118829903,23650159.0
1439,Uganda,UGA,2001,4.55862051431,6.28530623101,24388974.0
1440,Uganda,UGA,2002,4.5571959812100005,6.270626857800001,25167261.0
1441,Uganda,UGA,2003,4.55367857345,6.250403156790001,25980547.0
1442,Uganda,UGA,2004,4.54944683485,6.22390302353,26821300.0
1443,Uganda,UGA,2005,4.54370647573,6.19659387922,27684590.0
1444,Uganda,UGA,2006,4.52620812106,6.16002934677,28571475.0
1445,Uganda,UGA,2007,4.4930833232300005,6.097002999,29486335.0
1446,Uganda,UGA,2008,4.4482563394,6.02296428972,30431734.0
1447,Uganda,UGA,2009,4.40917008153,5.9500803844300005,31411096.0
1448,Uganda,UGA,2010,4.37926927961,5.890896210749999,32428164.0
1449,Uganda,UGA,2011,4.35687021825,5.83764626196,33476772.0
1450,Uganda,UGA,2012,4.33571659357,5.78301578462,34558700.0
1451,Uganda,UGA,2013,4.31356716793,5.72773181789,35694519.0
1452,Uganda,UGA,2014,4.29436004109,5.6738609997700005,36911530.0
1453,Uganda,UGA,2015,4.27241194748,5.61704596345,38225447.0
1454,Uganda,UGA,2016,4.25453348482,5.5577604130900005,39649173.0
1455,Uganda,UGA,2017,4.23375335377,5.50170250864,41166588.0
1456,Zambia,ZMB,1990,3.08855574,4.04966964977,8036849.0
1457,Zambia,ZMB,1991,3.11761797646,4.06801780811,8246662.0
1458,Zambia,ZMB,1992,3.14168811193,4.07890304592,8451346.0
1459,Zambia,ZMB,1993,3.1589203573599995,4.08516121874,8656484.0
1460,Zambia,ZMB,1994,3.17022415545,4.08892780288,8869745.0
1461,Zambia,ZMB,1995,3.1743112599,4.088773295079999,9096608.0
1462,Zambia,ZMB,1996,3.16677460179,4.07194788393,9339740.0
1463,Zambia,ZMB,1997,3.15466519886,4.03099610701,9597610.0
1464,Zambia,ZMB,1998,3.13699924052,3.98183576818,9866474.0
1465,Zambia,ZMB,1999,3.12131895565,3.93611876314,10140564.0
1466,Zambia,ZMB,2000,3.11736065958,3.91169725394,10415942.0
1467,Zambia,ZMB,2001,3.12136349626,3.90351147858,10692197.0
1468,Zambia,ZMB,2002,3.1303049712,3.89915062993,10971704.0
1469,Zambia,ZMB,2003,3.13937883098,3.8954193797,11256740.0
1470,Zambia,ZMB,2004,3.15241480932,3.89034213845,11550641.0
1471,Zambia,ZMB,2005,3.1583026245,3.88474192255,11856244.0
1472,Zambia,ZMB,2006,3.15848098516,3.87216004013,12173518.0
1473,Zambia,ZMB,2007,3.15696549998,3.8570849407,12502958.0
1474,Zambia,ZMB,2008,3.15301339711,3.841534841,12848531.0
1475,Zambia,ZMB,2009,3.15055972722,3.82938675405,13215142.0
1476,Zambia,ZMB,2010,3.15028711261,3.82441310432,13605986.0
1477,Zambia,ZMB,2011,3.15315639272,3.82822110245,14023199.0
1478,Zambia,ZMB,2012,3.16419227684,3.8404822194,14465148.0
1479,Zambia,ZMB,2013,3.18099461854,3.85735005276,14926551.0
1480,Zambia,ZMB,2014,3.20024532502,3.88282979135,15399793.0
1481,Zambia,ZMB,2015,3.22160406103,3.9099510789,15879370.0
1482,Zambia,ZMB,2016,3.24909914953,3.94697619835,16363449.0
1483,Zambia,ZMB,2017,3.27738399934,3.98501705286,16853608.0
1484,Zimbabwe,ZWE,1990,2.60747907903,3.439436194,10432409.0
1485,Zimbabwe,ZWE,1991,2.62676265942,3.4580967149800004,10681008.0
1486,Zimbabwe,ZWE,1992,2.6436421397,3.4734815072900003,10900511.0
1487,Zimbabwe,ZWE,1993,2.65646553844,3.48252068582,11092775.0
1488,Zimbabwe,ZWE,1994,2.6671771358700003,3.4903135522,11261752.0
1489,Zimbabwe,ZWE,1995,2.6754421601,3.4932568608200003,11410721.0
1490,Zimbabwe,ZWE,1996,2.67623958232,3.48638809349,11541215.0
1491,Zimbabwe,ZWE,1997,2.67391208421,3.4645898446200003,11653254.0
1492,Zimbabwe,ZWE,1998,2.6721444395700003,3.44157179429,11747079.0
1493,Zimbabwe,ZWE,1999,2.6711929102400003,3.42341352689,11822722.0
1494,Zimbabwe,ZWE,2000,2.67091619269,3.41248418401,11881482.0
1495,Zimbabwe,ZWE,2001,2.67220360644,3.41535835157,11923906.0
1496,Zimbabwe,ZWE,2002,2.68186015333,3.42066294877,11954293.0
1497,Zimbabwe,ZWE,2003,2.69166222297,3.4262447647800003,11982219.0
1498,Zimbabwe,ZWE,2004,2.7008893939200003,3.43015875688,12019911.0
1499,Zimbabwe,ZWE,2005,2.70963526532,3.4334188952,12076697.0
1500,Zimbabwe,ZWE,2006,2.71728049483,3.43027252054,12155496.0
1501,Zimbabwe,ZWE,2007,2.72463069645,3.42304219379,12255920.0
1502,Zimbabwe,ZWE,2008,2.7336984422,3.41215330153,12379553.0
1503,Zimbabwe,ZWE,2009,2.73955112806,3.40507706404,12526964.0
1504,Zimbabwe,ZWE,2010,2.74674751891,3.4039942675400003,12697728.0
1505,Zimbabwe,ZWE,2011,2.75247573747,3.40582095414,12894323.0
1506,Zimbabwe,ZWE,2012,2.76135132757,3.4130980814500003,13115149.0
1507,Zimbabwe,ZWE,2013,2.76919346898,3.4241064698300003,13350378.0
1508,Zimbabwe,ZWE,2014,2.77810057025,3.43767412685,13586710.0
1509,Zimbabwe,ZWE,2015,2.78915168542,3.45532250996,13814642.0
1510,Zimbabwe,ZWE,2016,2.79930760082,3.47907122135,14030338.0
1511,Zimbabwe,ZWE,2017,2.81202167209,3.50086042283,14236599.0
