,Entity,Code,Year,Drug use among males,Drug use among females
0,Algeria,DZA,1990,1.645753622,1.09550767
1,Algeria,DZA,1991,1.646586439,1.097106004
2,Algeria,DZA,1992,1.650674204,1.099861777
3,Algeria,DZA,1993,1.652176362,1.100310107
4,Algeria,DZA,1994,1.654816585,1.098784287
5,Algeria,DZA,1995,1.65833142,1.099197568
6,Algeria,DZA,1996,1.66616821,1.10057614
7,Algeria,DZA,1997,1.669173185,1.101286207
8,Algeria,DZA,1998,1.677283201,1.101696854
9,Algeria,DZA,1999,1.67931137,1.106605955
10,Algeria,DZA,2000,1.687509257,1.106204826
11,Algeria,DZA,2001,1.693122815,1.108804095
12,Algeria,DZA,2002,1.699443219,1.10939111
13,Algeria,DZA,2003,1.709066081,1.108821604
14,Algeria,DZA,2004,1.717940461,1.112213856
15,Algeria,DZA,2005,1.72448062,1.112303111
16,Algeria,DZA,2006,1.734895667,1.119984526
17,Algeria,DZA,2007,1.743655855,1.125735263
18,Algeria,DZA,2008,1.758051403,1.135684738
19,Algeria,DZA,2009,1.761703954,1.140449815
20,Algeria,DZA,2010,1.774202646,1.14904073
21,Algeria,DZA,2011,1.779333751,1.149788327
22,Algeria,DZA,2012,1.788882267,1.15357167
23,Algeria,DZA,2013,1.793858138,1.154780724
24,Algeria,DZA,2014,1.802499718,1.159344939
25,Algeria,DZA,2015,1.811294524,1.15865258
26,Algeria,DZA,2016,1.817739012,1.160009223
27,Angola,AGO,1990,2.576112525,1.400698192
28,Angola,AGO,1991,2.55705174,1.401195922
29,Angola,AGO,1992,2.539193316,1.400220318
30,Angola,AGO,1993,2.521611794,1.401166009
31,Angola,AGO,1994,2.508281436,1.403751876
32,Angola,AGO,1995,2.491433933,1.403602722
33,Angola,AGO,1996,2.474852015,1.402610237
34,Angola,AGO,1997,2.466653507,1.403909255
35,Angola,AGO,1998,2.454460723,1.404525522
36,Angola,AGO,1999,2.441985911,1.40425296
37,Angola,AGO,2000,2.42925673,1.405058978
38,Angola,AGO,2001,2.421577492,1.404647296
39,Angola,AGO,2002,2.411701154,1.404108138
40,Angola,AGO,2003,2.402575128,1.401721165
41,Angola,AGO,2004,2.391704007,1.401045308
42,Angola,AGO,2005,2.38432858,1.399141257
43,Angola,AGO,2006,2.389934428,1.402593643
44,Angola,AGO,2007,2.395927229,1.406226881
45,Angola,AGO,2008,2.400671229,1.406880815
46,Angola,AGO,2009,2.405188762,1.409535089
47,Angola,AGO,2010,2.410311596,1.41349908
48,Angola,AGO,2011,2.417242521,1.414049567
49,Angola,AGO,2012,2.420503746,1.418764338
50,Angola,AGO,2013,2.427863071,1.423028648
51,Angola,AGO,2014,2.43083069,1.424080333
52,Angola,AGO,2015,2.437408035,1.427538169
53,Angola,AGO,2016,2.443700645,1.429573103
54,Benin,BEN,1990,1.789930625,1.379327486
55,Benin,BEN,1991,1.785501957,1.382793733
56,Benin,BEN,1992,1.779239463,1.390188096
57,Benin,BEN,1993,1.777662991,1.395256179
58,Benin,BEN,1994,1.771850001,1.400283517
59,Benin,BEN,1995,1.768980344,1.405927348
60,Benin,BEN,1996,1.773938123,1.411747581
61,Benin,BEN,1997,1.779781119,1.417530963
62,Benin,BEN,1998,1.787966858,1.424175682
63,Benin,BEN,1999,1.793104827,1.430812234
64,Benin,BEN,2000,1.800577226,1.436921584
65,Benin,BEN,2001,1.801971818,1.43747239
66,Benin,BEN,2002,1.806477403,1.438715313
67,Benin,BEN,2003,1.80715061,1.444385622
68,Benin,BEN,2004,1.812386043,1.443857755
69,Benin,BEN,2005,1.815745116,1.445501572
70,Benin,BEN,2006,1.822618512,1.450221695
71,Benin,BEN,2007,1.827307564,1.453879459
72,Benin,BEN,2008,1.833647722,1.456724001
73,Benin,BEN,2009,1.836241368,1.459680892
74,Benin,BEN,2010,1.842498499,1.462888961
75,Benin,BEN,2011,1.846540095,1.463522596
76,Benin,BEN,2012,1.850533442,1.464806615
77,Benin,BEN,2013,1.857117786,1.469297569
78,Benin,BEN,2014,1.860311176,1.472120487
79,Benin,BEN,2015,1.865914984,1.474521144
80,Benin,BEN,2016,1.86955173,1.476291942
81,Botswana,BWA,1990,3.338938724,1.450355971
82,Botswana,BWA,1991,3.348985448,1.457232326
83,Botswana,BWA,1992,3.364351846,1.462441672
84,Botswana,BWA,1993,3.381884769,1.467030433
85,Botswana,BWA,1994,3.388258741,1.474761382
86,Botswana,BWA,1995,3.404973643,1.479380744
87,Botswana,BWA,1996,3.402642498,1.485221484
88,Botswana,BWA,1997,3.407113477,1.487322567
89,Botswana,BWA,1998,3.406203375,1.492820424
90,Botswana,BWA,1999,3.40402726,1.495813265
91,Botswana,BWA,2000,3.405280685,1.499850139
92,Botswana,BWA,2001,3.397260168,1.498793951
93,Botswana,BWA,2002,3.388146941,1.497176157
94,Botswana,BWA,2003,3.382909329,1.492494567
95,Botswana,BWA,2004,3.368478159,1.49225007
96,Botswana,BWA,2005,3.362365837,1.489079526
97,Botswana,BWA,2006,3.35367842,1.487149058
98,Botswana,BWA,2007,3.340579177,1.485668483
99,Botswana,BWA,2008,3.32922929,1.484533389
100,Botswana,BWA,2009,3.324714787,1.481361169
101,Botswana,BWA,2010,3.311932644,1.479135281
102,Botswana,BWA,2011,3.307810761,1.479301705
103,Botswana,BWA,2012,3.309159386,1.479659008
104,Botswana,BWA,2013,3.305791974,1.477836025
105,Botswana,BWA,2014,3.305586581,1.47765423
106,Botswana,BWA,2015,3.301392834,1.479586555
107,Botswana,BWA,2016,3.30247762,1.478037651
108,Burkina Faso,BFA,1990,1.709246476,1.442305924
109,Burkina Faso,BFA,1991,1.709823876,1.441069408
110,Burkina Faso,BFA,1992,1.707474588,1.440144823
111,Burkina Faso,BFA,1993,1.705808284,1.439946474
112,Burkina Faso,BFA,1994,1.705147993,1.437875771
113,Burkina Faso,BFA,1995,1.704647884,1.440016487
114,Burkina Faso,BFA,1996,1.708339024,1.441910216
115,Burkina Faso,BFA,1997,1.716328798,1.447164106
116,Burkina Faso,BFA,1998,1.716747261,1.448737189
117,Burkina Faso,BFA,1999,1.722766639,1.448786109
118,Burkina Faso,BFA,2000,1.72700499,1.453621408
119,Burkina Faso,BFA,2001,1.723074579,1.449798763
120,Burkina Faso,BFA,2002,1.725144281,1.4484067
121,Burkina Faso,BFA,2003,1.729433371,1.448771303
122,Burkina Faso,BFA,2004,1.728793489,1.445433579
123,Burkina Faso,BFA,2005,1.729166064,1.444510277
124,Burkina Faso,BFA,2006,1.732989838,1.448605453
125,Burkina Faso,BFA,2007,1.738439722,1.453025953
126,Burkina Faso,BFA,2008,1.740147633,1.454789079
127,Burkina Faso,BFA,2009,1.748732371,1.461071321
128,Burkina Faso,BFA,2010,1.753801332,1.462861926
129,Burkina Faso,BFA,2011,1.755529143,1.467810908
130,Burkina Faso,BFA,2012,1.758505344,1.469188196
131,Burkina Faso,BFA,2013,1.759253765,1.47352296
132,Burkina Faso,BFA,2014,1.761950485,1.475247345
133,Burkina Faso,BFA,2015,1.761588195,1.478087871
134,Burkina Faso,BFA,2016,1.766502207,1.482375263
135,Burundi,BDI,1990,2.862962314,1.401212951
136,Burundi,BDI,1991,2.8555347,1.398910845
137,Burundi,BDI,1992,2.850518378,1.399234875
138,Burundi,BDI,1993,2.846076423,1.397059117
139,Burundi,BDI,1994,2.842148443,1.397308836
140,Burundi,BDI,1995,2.83705345,1.394779815
141,Burundi,BDI,1996,2.826340143,1.386541604
142,Burundi,BDI,1997,2.818848213,1.382479835
143,Burundi,BDI,1998,2.807917557,1.374995984
144,Burundi,BDI,1999,2.794577167,1.366440889
145,Burundi,BDI,2000,2.786404262,1.361015649
146,Burundi,BDI,2001,2.772050592,1.357392391
147,Burundi,BDI,2002,2.755313271,1.352845456
148,Burundi,BDI,2003,2.739356355,1.34908707
149,Burundi,BDI,2004,2.726817487,1.343165549
150,Burundi,BDI,2005,2.709245932,1.339429787
151,Burundi,BDI,2006,2.709164715,1.337281482
152,Burundi,BDI,2007,2.709634924,1.33457557
153,Burundi,BDI,2008,2.707654895,1.33318378
154,Burundi,BDI,2009,2.713019188,1.328968867
155,Burundi,BDI,2010,2.71183601,1.329373509
156,Burundi,BDI,2011,2.71918007,1.331338369
157,Burundi,BDI,2012,2.725365777,1.331960937
158,Burundi,BDI,2013,2.732834008,1.338190454
159,Burundi,BDI,2014,2.742540087,1.337747925
160,Burundi,BDI,2015,2.74907296,1.341363736
161,Burundi,BDI,2016,2.756324765,1.345314294
162,Cameroon,CMR,1990,1.904601407,1.418802218
163,Cameroon,CMR,1991,1.900848352,1.42651429
164,Cameroon,CMR,1992,1.897382804,1.435411283
165,Cameroon,CMR,1993,1.897159795,1.443863679
166,Cameroon,CMR,1994,1.892250727,1.452547179
167,Cameroon,CMR,1995,1.889890901,1.462702382
168,Cameroon,CMR,1996,1.899130947,1.473615484
169,Cameroon,CMR,1997,1.90697274,1.485075554
170,Cameroon,CMR,1998,1.91266161,1.494338471
171,Cameroon,CMR,1999,1.920899753,1.506931757
172,Cameroon,CMR,2000,1.931359804,1.518551083
173,Cameroon,CMR,2001,1.939229071,1.521973819
174,Cameroon,CMR,2002,1.94737303,1.527013202
175,Cameroon,CMR,2003,1.953839707,1.534894135
176,Cameroon,CMR,2004,1.964467666,1.537796971
177,Cameroon,CMR,2005,1.973424629,1.545436621
178,Cameroon,CMR,2006,1.978559221,1.5492823
179,Cameroon,CMR,2007,1.982617013,1.552346529
180,Cameroon,CMR,2008,1.988730784,1.557161472
181,Cameroon,CMR,2009,1.9992665,1.560692994
182,Cameroon,CMR,2010,2.007376391,1.564566956
183,Cameroon,CMR,2011,2.01270654,1.564997835
184,Cameroon,CMR,2012,2.015636079,1.564279997
185,Cameroon,CMR,2013,2.025086125,1.565988297
186,Cameroon,CMR,2014,2.027988399,1.5646929
187,Cameroon,CMR,2015,2.036945437,1.563264515
188,Cameroon,CMR,2016,2.045283006,1.565103125
189,Cape Verde,CPV,1990,2.250149415,1.388897938
190,Cape Verde,CPV,1991,2.264357603,1.389456111
191,Cape Verde,CPV,1992,2.274521557,1.39201735
192,Cape Verde,CPV,1993,2.287439911,1.392021304
193,Cape Verde,CPV,1994,2.297983666,1.39329342
194,Cape Verde,CPV,1995,2.313088796,1.392421444
195,Cape Verde,CPV,1996,2.330384452,1.394774061
196,Cape Verde,CPV,1997,2.351614962,1.398998211
197,Cape Verde,CPV,1998,2.369542636,1.403424483
198,Cape Verde,CPV,1999,2.392379387,1.406482152
199,Cape Verde,CPV,2000,2.410381739,1.409845983
200,Cape Verde,CPV,2001,2.424481364,1.41075129
201,Cape Verde,CPV,2002,2.426475195,1.409645522
202,Cape Verde,CPV,2003,2.438563417,1.408255483
203,Cape Verde,CPV,2004,2.452505649,1.409574471
204,Cape Verde,CPV,2005,2.459271091,1.410492239
205,Cape Verde,CPV,2006,2.456745983,1.41300586
206,Cape Verde,CPV,2007,2.452034299,1.414397219
207,Cape Verde,CPV,2008,2.449298822,1.419177388
208,Cape Verde,CPV,2009,2.442227601,1.42173354
209,Cape Verde,CPV,2010,2.439460976,1.424842981
210,Cape Verde,CPV,2011,2.443585563,1.42884472
211,Cape Verde,CPV,2012,2.447744767,1.432849994
212,Cape Verde,CPV,2013,2.448575169,1.438292628
213,Cape Verde,CPV,2014,2.452964371,1.442921754
214,Cape Verde,CPV,2015,2.4550629,1.447590009
215,Cape Verde,CPV,2016,2.461088865,1.452994348
216,Central African Republic,CAF,1990,2.665576654,1.412918501
217,Central African Republic,CAF,1991,2.655940914,1.411801465
218,Central African Republic,CAF,1992,2.648517208,1.410825032
219,Central African Republic,CAF,1993,2.637400108,1.410089734
220,Central African Republic,CAF,1994,2.624401677,1.411423031
221,Central African Republic,CAF,1995,2.619045018,1.409066488
222,Central African Republic,CAF,1996,2.602987297,1.404683942
223,Central African Republic,CAF,1997,2.590786695,1.401752987
224,Central African Republic,CAF,1998,2.576697885,1.398190267
225,Central African Republic,CAF,1999,2.562769796,1.392588775
226,Central African Republic,CAF,2000,2.548524554,1.391558061
227,Central African Republic,CAF,2001,2.531492523,1.38560081
228,Central African Republic,CAF,2002,2.521772695,1.381077353
229,Central African Republic,CAF,2003,2.510166978,1.378277093
230,Central African Republic,CAF,2004,2.49574332,1.370901032
231,Central African Republic,CAF,2005,2.480928827,1.369321733
232,Central African Republic,CAF,2006,2.47383918,1.368181028
233,Central African Republic,CAF,2007,2.463854512,1.366545871
234,Central African Republic,CAF,2008,2.456882486,1.366312655
235,Central African Republic,CAF,2009,2.448505686,1.367362185
236,Central African Republic,CAF,2010,2.442996035,1.366289957
237,Central African Republic,CAF,2011,2.440959812,1.371054511
238,Central African Republic,CAF,2012,2.436949066,1.368705523
239,Central African Republic,CAF,2013,2.431738986,1.370658121
240,Central African Republic,CAF,2014,2.430512853,1.371301749
241,Central African Republic,CAF,2015,2.430899801,1.372812462
242,Central African Republic,CAF,2016,2.426094849,1.374622994
243,Chad,TCD,1990,1.732551618,1.363128133
244,Chad,TCD,1991,1.730927577,1.362858475
245,Chad,TCD,1992,1.726178041,1.364035243
246,Chad,TCD,1993,1.722562646,1.369114662
247,Chad,TCD,1994,1.721264654,1.370343004
248,Chad,TCD,1995,1.719749753,1.370913219
249,Chad,TCD,1996,1.720306279,1.375578663
250,Chad,TCD,1997,1.726487729,1.374184912
251,Chad,TCD,1998,1.728798872,1.378317479
252,Chad,TCD,1999,1.730350978,1.380754925
253,Chad,TCD,2000,1.733471638,1.385215285
254,Chad,TCD,2001,1.736528497,1.385190144
255,Chad,TCD,2002,1.738329118,1.38478816
256,Chad,TCD,2003,1.742645476,1.384022142
257,Chad,TCD,2004,1.747510223,1.384484008
258,Chad,TCD,2005,1.750843003,1.38547227
259,Chad,TCD,2006,1.754947721,1.388063049
260,Chad,TCD,2007,1.756822228,1.386184658
261,Chad,TCD,2008,1.764350497,1.391200815
262,Chad,TCD,2009,1.764553094,1.395723435
263,Chad,TCD,2010,1.770932042,1.397506973
264,Chad,TCD,2011,1.775374052,1.401628466
265,Chad,TCD,2012,1.782231229,1.404732589
266,Chad,TCD,2013,1.78867565,1.410670744
267,Chad,TCD,2014,1.792707988,1.415145905
268,Chad,TCD,2015,1.801366815,1.418859793
269,Chad,TCD,2016,1.805575628,1.424477127
270,Comoros,COM,1990,2.543632607,1.315317607
271,Comoros,COM,1991,2.536553434,1.313526527
272,Comoros,COM,1992,2.534205446,1.311208285
273,Comoros,COM,1993,2.531358118,1.309304004
274,Comoros,COM,1994,2.526642353,1.308756485
275,Comoros,COM,1995,2.524747147,1.306813978
276,Comoros,COM,1996,2.523683793,1.305794462
277,Comoros,COM,1997,2.518998756,1.302350157
278,Comoros,COM,1998,2.517874024,1.301498855
279,Comoros,COM,1999,2.515915082,1.301072912
280,Comoros,COM,2000,2.514164722,1.298124662
281,Comoros,COM,2001,2.505511647,1.296920061
282,Comoros,COM,2002,2.497390908,1.29579426
283,Comoros,COM,2003,2.488940574,1.295062154
284,Comoros,COM,2004,2.485899829,1.294408408
285,Comoros,COM,2005,2.478912196,1.295446375
286,Comoros,COM,2006,2.480722345,1.294225198
287,Comoros,COM,2007,2.482274184,1.292060396
288,Comoros,COM,2008,2.484332691,1.292541666
289,Comoros,COM,2009,2.484440391,1.292284097
290,Comoros,COM,2010,2.488326119,1.291092646
291,Comoros,COM,2011,2.495460539,1.293219004
292,Comoros,COM,2012,2.504444859,1.293446286
293,Comoros,COM,2013,2.513131703,1.297815825
294,Comoros,COM,2014,2.518945495,1.299734844
295,Comoros,COM,2015,2.52938255,1.301304878
296,Comoros,COM,2016,2.536466372,1.304895464
297,Congo,COG,1990,2.811930173,1.611492796
298,Congo,COG,1991,2.797637892,1.607490562
299,Congo,COG,1992,2.782211586,1.602888868
300,Congo,COG,1993,2.764349294,1.598709548
301,Congo,COG,1994,2.749230447,1.592368128
302,Congo,COG,1995,2.735653873,1.588275709
303,Congo,COG,1996,2.713576232,1.580246463
304,Congo,COG,1997,2.691073479,1.571699295
305,Congo,COG,1998,2.670388241,1.565953947
306,Congo,COG,1999,2.650376375,1.558985971
307,Congo,COG,2000,2.629816678,1.551628379
308,Congo,COG,2001,2.597284708,1.540985208
309,Congo,COG,2002,2.568270647,1.531566154
310,Congo,COG,2003,2.536839526,1.521327307
311,Congo,COG,2004,2.506107759,1.512189999
312,Congo,COG,2005,2.477913441,1.502959043
313,Congo,COG,2006,2.465504041,1.49671548
314,Congo,COG,2007,2.45415561,1.48859052
315,Congo,COG,2008,2.441605575,1.482513009
316,Congo,COG,2009,2.429330802,1.476412708
317,Congo,COG,2010,2.418588635,1.471042211
318,Congo,COG,2011,2.417737376,1.470325864
319,Congo,COG,2012,2.418739968,1.473190241
320,Congo,COG,2013,2.418669491,1.471090164
321,Congo,COG,2014,2.417924891,1.472659104
322,Congo,COG,2015,2.418611134,1.473396177
323,Congo,COG,2016,2.419171833,1.47232128
324,Cote d'Ivoire,CIV,1990,1.926282362,1.377689979
325,Cote d'Ivoire,CIV,1991,1.929092176,1.379780722
326,Cote d'Ivoire,CIV,1992,1.930262526,1.381321382
327,Cote d'Ivoire,CIV,1993,1.931748688,1.380608592
328,Cote d'Ivoire,CIV,1994,1.933468011,1.385291436
329,Cote d'Ivoire,CIV,1995,1.938294101,1.385834954
330,Cote d'Ivoire,CIV,1996,1.942842309,1.389311214
331,Cote d'Ivoire,CIV,1997,1.952436874,1.395539055
332,Cote d'Ivoire,CIV,1998,1.958337339,1.398354946
333,Cote d'Ivoire,CIV,1999,1.964747089,1.404092824
334,Cote d'Ivoire,CIV,2000,1.972412518,1.409082383
335,Cote d'Ivoire,CIV,2001,1.96690659,1.406145811
336,Cote d'Ivoire,CIV,2002,1.966464445,1.407016761
337,Cote d'Ivoire,CIV,2003,1.961918585,1.405573039
338,Cote d'Ivoire,CIV,2004,1.956793569,1.403583324
339,Cote d'Ivoire,CIV,2005,1.953231738,1.402837775
340,Cote d'Ivoire,CIV,2006,1.953345815,1.405781188
341,Cote d'Ivoire,CIV,2007,1.949434242,1.408272504
342,Cote d'Ivoire,CIV,2008,1.951895586,1.411706675
343,Cote d'Ivoire,CIV,2009,1.950508376,1.413226938
344,Cote d'Ivoire,CIV,2010,1.950323729,1.416483002
345,Cote d'Ivoire,CIV,2011,1.956049088,1.421880119
346,Cote d'Ivoire,CIV,2012,1.96162602,1.42490257
347,Cote d'Ivoire,CIV,2013,1.969423737,1.429231048
348,Cote d'Ivoire,CIV,2014,1.976842941,1.432800538
349,Cote d'Ivoire,CIV,2015,1.97976981,1.43634578
350,Cote d'Ivoire,CIV,2016,1.985991809,1.440469171
351,Democratic Republic of Congo,COD,1990,2.488071164,1.416012895
352,Democratic Republic of Congo,COD,1991,2.47553437,1.410201914
353,Democratic Republic of Congo,COD,1992,2.459602182,1.406169771
354,Democratic Republic of Congo,COD,1993,2.446370416,1.401713173
355,Democratic Republic of Congo,COD,1994,2.432357342,1.398666502
356,Democratic Republic of Congo,COD,1995,2.421754279,1.393835915
357,Democratic Republic of Congo,COD,1996,2.406856997,1.388403261
358,Democratic Republic of Congo,COD,1997,2.39455881,1.383143384
359,Democratic Republic of Congo,COD,1998,2.380675536,1.378545141
360,Democratic Republic of Congo,COD,1999,2.367133727,1.370735425
361,Democratic Republic of Congo,COD,2000,2.355823105,1.367812943
362,Democratic Republic of Congo,COD,2001,2.343101061,1.362607934
363,Democratic Republic of Congo,COD,2002,2.330897427,1.355408208
364,Democratic Republic of Congo,COD,2003,2.317152714,1.352884649
365,Democratic Republic of Congo,COD,2004,2.3068839,1.348153138
366,Democratic Republic of Congo,COD,2005,2.294184994,1.345051663
367,Democratic Republic of Congo,COD,2006,2.291439667,1.344603749
368,Democratic Republic of Congo,COD,2007,2.28740135,1.344681535
369,Democratic Republic of Congo,COD,2008,2.284669743,1.346459118
370,Democratic Republic of Congo,COD,2009,2.285809733,1.34694985
371,Democratic Republic of Congo,COD,2010,2.281189091,1.345023456
372,Democratic Republic of Congo,COD,2011,2.290333558,1.35097125
373,Democratic Republic of Congo,COD,2012,2.305074194,1.356957117
374,Democratic Republic of Congo,COD,2013,2.315617399,1.359663766
375,Democratic Republic of Congo,COD,2014,2.327395896,1.365212508
376,Democratic Republic of Congo,COD,2015,2.337084363,1.373033158
377,Democratic Republic of Congo,COD,2016,2.352396159,1.379044564
378,Djibouti,DJI,1990,2.546303352,1.289489465
379,Djibouti,DJI,1991,2.543471843,1.288330511
380,Djibouti,DJI,1992,2.54235128,1.287381566
381,Djibouti,DJI,1993,2.536748658,1.284034452
382,Djibouti,DJI,1994,2.534433543,1.286037471
383,Djibouti,DJI,1995,2.530387068,1.284121994
384,Djibouti,DJI,1996,2.529361253,1.281788461
385,Djibouti,DJI,1997,2.529613569,1.282973939
386,Djibouti,DJI,1998,2.53211933,1.277610003
387,Djibouti,DJI,1999,2.533261096,1.277526181
388,Djibouti,DJI,2000,2.534347271,1.277675265
389,Djibouti,DJI,2001,2.530466022,1.279089299
390,Djibouti,DJI,2002,2.527564471,1.279612758
391,Djibouti,DJI,2003,2.523820646,1.278407406
392,Djibouti,DJI,2004,2.521108489,1.28028224
393,Djibouti,DJI,2005,2.518422193,1.281998352
394,Djibouti,DJI,2006,2.522363202,1.282374771
395,Djibouti,DJI,2007,2.525294104,1.282044783
396,Djibouti,DJI,2008,2.530023853,1.283900182
397,Djibouti,DJI,2009,2.532296881,1.284324819
398,Djibouti,DJI,2010,2.536101103,1.287085722
399,Djibouti,DJI,2011,2.545350367,1.290065556
400,Djibouti,DJI,2012,2.552972598,1.291129801
401,Djibouti,DJI,2013,2.560698555,1.297014044
402,Djibouti,DJI,2014,2.572447077,1.302129052
403,Djibouti,DJI,2015,2.576787956,1.305302623
404,Djibouti,DJI,2016,2.587477551,1.308418814
405,Egypt,EGY,1990,1.619790244,1.115463428
406,Egypt,EGY,1991,1.614216639,1.115593127
407,Egypt,EGY,1992,1.611286281,1.11425895
408,Egypt,EGY,1993,1.607815731,1.11610324
409,Egypt,EGY,1994,1.598922491,1.117564379
410,Egypt,EGY,1995,1.596873728,1.117976262
411,Egypt,EGY,1996,1.598256338,1.120051612
412,Egypt,EGY,1997,1.601810671,1.120721791
413,Egypt,EGY,1998,1.607418754,1.120076123
414,Egypt,EGY,1999,1.611019548,1.123853315
415,Egypt,EGY,2000,1.613870728,1.12514755
416,Egypt,EGY,2001,1.611861365,1.122096601
417,Egypt,EGY,2002,1.611079321,1.122495746
418,Egypt,EGY,2003,1.609376311,1.124485678
419,Egypt,EGY,2004,1.610731102,1.123276001
420,Egypt,EGY,2005,1.611478365,1.124663291
421,Egypt,EGY,2006,1.63176843,1.129593929
422,Egypt,EGY,2007,1.654249527,1.133332958
423,Egypt,EGY,2008,1.669054511,1.139322005
424,Egypt,EGY,2009,1.692884359,1.144966041
425,Egypt,EGY,2010,1.713849005,1.151824766
426,Egypt,EGY,2011,1.713445409,1.152443693
427,Egypt,EGY,2012,1.719999438,1.157157864
428,Egypt,EGY,2013,1.720289483,1.156794326
429,Egypt,EGY,2014,1.724831501,1.159431065
430,Egypt,EGY,2015,1.72668192,1.161155597
431,Egypt,EGY,2016,1.730876278,1.164210722
432,Equatorial Guinea,GNQ,1990,2.655862141,1.41426072
433,Equatorial Guinea,GNQ,1991,2.643705418,1.413479423
434,Equatorial Guinea,GNQ,1992,2.63288847,1.416654413
435,Equatorial Guinea,GNQ,1993,2.621008179,1.416132419
436,Equatorial Guinea,GNQ,1994,2.607161133,1.417930279
437,Equatorial Guinea,GNQ,1995,2.596689334,1.419663865
438,Equatorial Guinea,GNQ,1996,2.600170939,1.424684927
439,Equatorial Guinea,GNQ,1997,2.605712381,1.431551065
440,Equatorial Guinea,GNQ,1998,2.609172056,1.436502973
441,Equatorial Guinea,GNQ,1999,2.609951623,1.445386556
442,Equatorial Guinea,GNQ,2000,2.615263845,1.449389992
443,Equatorial Guinea,GNQ,2001,2.613446633,1.446343308
444,Equatorial Guinea,GNQ,2002,2.613232289,1.451098001
445,Equatorial Guinea,GNQ,2003,2.613899074,1.451180028
446,Equatorial Guinea,GNQ,2004,2.611534293,1.451206418
447,Equatorial Guinea,GNQ,2005,2.611601508,1.453458313
448,Equatorial Guinea,GNQ,2006,2.604791331,1.450454115
449,Equatorial Guinea,GNQ,2007,2.597591792,1.448396082
450,Equatorial Guinea,GNQ,2008,2.587914588,1.444849834
451,Equatorial Guinea,GNQ,2009,2.580526487,1.443101383
452,Equatorial Guinea,GNQ,2010,2.57285157,1.441577764
453,Equatorial Guinea,GNQ,2011,2.567200925,1.441687729
454,Equatorial Guinea,GNQ,2012,2.568448782,1.444558104
455,Equatorial Guinea,GNQ,2013,2.571718806,1.441812669
456,Equatorial Guinea,GNQ,2014,2.568456174,1.442915787
457,Equatorial Guinea,GNQ,2015,2.568929768,1.444678049
458,Equatorial Guinea,GNQ,2016,2.565816831,1.443565262
459,Eritrea,ERI,1990,2.637231372,1.330510142
460,Eritrea,ERI,1991,2.635126138,1.329115918
461,Eritrea,ERI,1992,2.629695684,1.328410413
462,Eritrea,ERI,1993,2.627952551,1.32786392
463,Eritrea,ERI,1994,2.626330684,1.326036789
464,Eritrea,ERI,1995,2.623935566,1.327069949
465,Eritrea,ERI,1996,2.628498458,1.325434052
466,Eritrea,ERI,1997,2.633799154,1.324440337
467,Eritrea,ERI,1998,2.639505308,1.321919687
468,Eritrea,ERI,1999,2.645616229,1.325059304
469,Eritrea,ERI,2000,2.648601304,1.323776902
470,Eritrea,ERI,2001,2.64423606,1.32257214
471,Eritrea,ERI,2002,2.644216141,1.322731183
472,Eritrea,ERI,2003,2.642653721,1.323912418
473,Eritrea,ERI,2004,2.636671653,1.321408393
474,Eritrea,ERI,2005,2.636803373,1.323903062
475,Eritrea,ERI,2006,2.637223701,1.323216848
476,Eritrea,ERI,2007,2.638451841,1.324049413
477,Eritrea,ERI,2008,2.636229533,1.323154191
478,Eritrea,ERI,2009,2.63774117,1.319673158
479,Eritrea,ERI,2010,2.639617408,1.320360616
480,Eritrea,ERI,2011,2.645056905,1.32142021
481,Eritrea,ERI,2012,2.650108102,1.32590397
482,Eritrea,ERI,2013,2.655520721,1.328537907
483,Eritrea,ERI,2014,2.659282092,1.330279443
484,Eritrea,ERI,2015,2.667542793,1.334194029
485,Eritrea,ERI,2016,2.672808983,1.336671671
486,Eswatini,SWZ,1990,3.30771897,1.481530309
487,Eswatini,SWZ,1991,3.318301555,1.482072234
488,Eswatini,SWZ,1992,3.326336413,1.484627464
489,Eswatini,SWZ,1993,3.341872841,1.488061734
490,Eswatini,SWZ,1994,3.355950128,1.485278319
491,Eswatini,SWZ,1995,3.367959212,1.48962752
492,Eswatini,SWZ,1996,3.365313331,1.48982438
493,Eswatini,SWZ,1997,3.362461922,1.491137859
494,Eswatini,SWZ,1998,3.358925981,1.488710074
495,Eswatini,SWZ,1999,3.35834881,1.491708272
496,Eswatini,SWZ,2000,3.356201069,1.491392011
497,Eswatini,SWZ,2001,3.344265218,1.487090607
498,Eswatini,SWZ,2002,3.331093908,1.483732117
499,Eswatini,SWZ,2003,3.321849242,1.480398608
500,Eswatini,SWZ,2004,3.309159246,1.479799117
501,Eswatini,SWZ,2005,3.300119394,1.474694554
502,Eswatini,SWZ,2006,3.283590719,1.473119172
503,Eswatini,SWZ,2007,3.262444875,1.470700083
504,Eswatini,SWZ,2008,3.24866502,1.470639619
505,Eswatini,SWZ,2009,3.237579443,1.467992904
506,Eswatini,SWZ,2010,3.219357401,1.466767596
507,Eswatini,SWZ,2011,3.214817333,1.465247897
508,Eswatini,SWZ,2012,3.209126872,1.459529568
509,Eswatini,SWZ,2013,3.198798628,1.458042528
510,Eswatini,SWZ,2014,3.193474546,1.454219402
511,Eswatini,SWZ,2015,3.184507961,1.452529652
512,Eswatini,SWZ,2016,3.181872889,1.451087425
513,Ethiopia,ETH,1990,3.70224507,1.231419853
514,Ethiopia,ETH,1991,3.687645307,1.229465499
515,Ethiopia,ETH,1992,3.676117715,1.226289338
516,Ethiopia,ETH,1993,3.662836585,1.224092079
517,Ethiopia,ETH,1994,3.649943818,1.221681521
518,Ethiopia,ETH,1995,3.637537255,1.219655356
519,Ethiopia,ETH,1996,3.630710658,1.215256352
520,Ethiopia,ETH,1997,3.623455467,1.211026369
521,Ethiopia,ETH,1998,3.6156181,1.20901506
522,Ethiopia,ETH,1999,3.605756443,1.204245262
523,Ethiopia,ETH,2000,3.601012101,1.201788584
524,Ethiopia,ETH,2001,3.589660673,1.193669557
525,Ethiopia,ETH,2002,3.577534812,1.192362749
526,Ethiopia,ETH,2003,3.566405928,1.18715446
527,Ethiopia,ETH,2004,3.552913531,1.183264022
528,Ethiopia,ETH,2005,3.543128381,1.180957144
529,Ethiopia,ETH,2006,3.624481324,1.172418304
530,Ethiopia,ETH,2007,3.707814345,1.162140416
531,Ethiopia,ETH,2008,3.790850103,1.153374223
532,Ethiopia,ETH,2009,3.877711443,1.146908266
533,Ethiopia,ETH,2010,3.96793339,1.137815683
534,Ethiopia,ETH,2011,3.997336907,1.136615782
535,Ethiopia,ETH,2012,4.023148481,1.138542464
536,Ethiopia,ETH,2013,4.05334953,1.141911261
537,Ethiopia,ETH,2014,4.08140947,1.140695349
538,Ethiopia,ETH,2015,4.106991686,1.143554762
539,Ethiopia,ETH,2016,4.13941416,1.144936702
540,Gabon,GAB,1990,3.047298105,1.546588658
541,Gabon,GAB,1991,3.02142844,1.545730653
542,Gabon,GAB,1992,2.998726444,1.544701725
543,Gabon,GAB,1993,2.975580987,1.543695289
544,Gabon,GAB,1994,2.949661587,1.543135429
545,Gabon,GAB,1995,2.92755036,1.542726803
546,Gabon,GAB,1996,2.899658077,1.540059436
547,Gabon,GAB,1997,2.867153544,1.537567901
548,Gabon,GAB,1998,2.842389441,1.532159563
549,Gabon,GAB,1999,2.814321943,1.529306231
550,Gabon,GAB,2000,2.788359843,1.526893807
551,Gabon,GAB,2001,2.759490635,1.521720642
552,Gabon,GAB,2002,2.727901862,1.517454344
553,Gabon,GAB,2003,2.697050814,1.514492999
554,Gabon,GAB,2004,2.670530895,1.510207187
555,Gabon,GAB,2005,2.644677297,1.506516605
556,Gabon,GAB,2006,2.625224269,1.500545369
557,Gabon,GAB,2007,2.609341343,1.492092532
558,Gabon,GAB,2008,2.590294875,1.488496691
559,Gabon,GAB,2009,2.571894599,1.481947961
560,Gabon,GAB,2010,2.55510346,1.476698829
561,Gabon,GAB,2011,2.552419082,1.473878432
562,Gabon,GAB,2012,2.550505222,1.47386044
563,Gabon,GAB,2013,2.550022118,1.471251969
564,Gabon,GAB,2014,2.550339966,1.46919914
565,Gabon,GAB,2015,2.547787031,1.465760523
566,Gabon,GAB,2016,2.546871079,1.46465252
567,Gambia,GMB,1990,1.649348843,1.36931398
568,Gambia,GMB,1991,1.646875371,1.370220509
569,Gambia,GMB,1992,1.640636147,1.370580519
570,Gambia,GMB,1993,1.63648709,1.373104505
571,Gambia,GMB,1994,1.631614027,1.375740756
572,Gambia,GMB,1995,1.628718063,1.378697504
573,Gambia,GMB,1996,1.631079539,1.380163822
574,Gambia,GMB,1997,1.637748146,1.383973932
575,Gambia,GMB,1998,1.643187386,1.386354473
576,Gambia,GMB,1999,1.651336467,1.386084788
577,Gambia,GMB,2000,1.655679493,1.392058859
578,Gambia,GMB,2001,1.66153045,1.391863126
579,Gambia,GMB,2002,1.66342852,1.39175151
580,Gambia,GMB,2003,1.666190704,1.393275629
581,Gambia,GMB,2004,1.673048043,1.392070881
582,Gambia,GMB,2005,1.6750164,1.392244377
583,Gambia,GMB,2006,1.679164519,1.394609351
584,Gambia,GMB,2007,1.686622456,1.397600253
585,Gambia,GMB,2008,1.687161955,1.398891934
586,Gambia,GMB,2009,1.690202868,1.401846464
587,Gambia,GMB,2010,1.695087577,1.405634819
588,Gambia,GMB,2011,1.700713971,1.408065152
589,Gambia,GMB,2012,1.711532646,1.411869426
590,Gambia,GMB,2013,1.718136431,1.414113472
591,Gambia,GMB,2014,1.723226,1.418719843
592,Gambia,GMB,2015,1.730134443,1.420734255
593,Gambia,GMB,2016,1.739742116,1.423899729
594,Ghana,GHA,1990,1.652094417,1.41893924
595,Ghana,GHA,1991,1.652899519,1.421757535
596,Ghana,GHA,1992,1.653879032,1.423532092
597,Ghana,GHA,1993,1.653045616,1.426679229
598,Ghana,GHA,1994,1.650644305,1.427677443
599,Ghana,GHA,1995,1.652051181,1.429927513
600,Ghana,GHA,1996,1.665132927,1.43347251
601,Ghana,GHA,1997,1.680500014,1.436208829
602,Ghana,GHA,1998,1.69711205,1.438100075
603,Ghana,GHA,1999,1.708984363,1.439121652
604,Ghana,GHA,2000,1.725898411,1.443260629
605,Ghana,GHA,2001,1.734131352,1.444217774
606,Ghana,GHA,2002,1.749034704,1.442562149
607,Ghana,GHA,2003,1.761307663,1.44357471
608,Ghana,GHA,2004,1.774356352,1.445812362
609,Ghana,GHA,2005,1.789047571,1.445520017
610,Ghana,GHA,2006,1.798090893,1.450032243
611,Ghana,GHA,2007,1.808358287,1.45241153
612,Ghana,GHA,2008,1.81617108,1.456866221
613,Ghana,GHA,2009,1.825290863,1.463513161
614,Ghana,GHA,2010,1.834433753,1.466708042
615,Ghana,GHA,2011,1.8451752,1.468395753
616,Ghana,GHA,2012,1.854582829,1.473740398
617,Ghana,GHA,2013,1.870374495,1.479281972
618,Ghana,GHA,2014,1.877648541,1.481253534
619,Ghana,GHA,2015,1.891094317,1.484205258
620,Ghana,GHA,2016,1.90486602,1.488289752
621,Guinea,GIN,1990,1.67758426,1.367262327
622,Guinea,GIN,1991,1.674106248,1.368017995
623,Guinea,GIN,1992,1.666803571,1.369974704
624,Guinea,GIN,1993,1.662903211,1.372507873
625,Guinea,GIN,1994,1.659909278,1.372697254
626,Guinea,GIN,1995,1.657572711,1.37567501
627,Guinea,GIN,1996,1.663106866,1.37657655
628,Guinea,GIN,1997,1.666995866,1.37920394
629,Guinea,GIN,1998,1.672981809,1.383970478
630,Guinea,GIN,1999,1.676957035,1.389645004
631,Guinea,GIN,2000,1.682870572,1.390395135
632,Guinea,GIN,2001,1.68489763,1.390375991
633,Guinea,GIN,2002,1.687715929,1.38952177
634,Guinea,GIN,2003,1.68593874,1.389077607
635,Guinea,GIN,2004,1.690396877,1.386696327
636,Guinea,GIN,2005,1.691747317,1.387984392
637,Guinea,GIN,2006,1.696782891,1.390208136
638,Guinea,GIN,2007,1.699387859,1.392469166
639,Guinea,GIN,2008,1.705481429,1.393677657
640,Guinea,GIN,2009,1.708681415,1.39901724
641,Guinea,GIN,2010,1.714633783,1.400756551
642,Guinea,GIN,2011,1.720408355,1.403713282
643,Guinea,GIN,2012,1.729025353,1.407317543
644,Guinea,GIN,2013,1.735264409,1.415221542
645,Guinea,GIN,2014,1.740463842,1.416795227
646,Guinea,GIN,2015,1.747872607,1.420405819
647,Guinea,GIN,2016,1.756000567,1.426325116
648,Guinea-Bissau,GNB,1990,1.897000085,1.389610216
649,Guinea-Bissau,GNB,1991,1.890656287,1.390091954
650,Guinea-Bissau,GNB,1992,1.886014081,1.395350142
651,Guinea-Bissau,GNB,1993,1.881001526,1.398201772
652,Guinea-Bissau,GNB,1994,1.873918317,1.402745714
653,Guinea-Bissau,GNB,1995,1.868885068,1.405722852
654,Guinea-Bissau,GNB,1996,1.870729146,1.409224347
655,Guinea-Bissau,GNB,1997,1.870239502,1.416221464
656,Guinea-Bissau,GNB,1998,1.871909572,1.420999091
657,Guinea-Bissau,GNB,1999,1.873869444,1.423426712
658,Guinea-Bissau,GNB,2000,1.877658844,1.430843626
659,Guinea-Bissau,GNB,2001,1.879362946,1.431067773
660,Guinea-Bissau,GNB,2002,1.881703819,1.429399153
661,Guinea-Bissau,GNB,2003,1.88428301,1.428770331
662,Guinea-Bissau,GNB,2004,1.886052765,1.425632255
663,Guinea-Bissau,GNB,2005,1.890214509,1.428959855
664,Guinea-Bissau,GNB,2006,1.892250852,1.43036245
665,Guinea-Bissau,GNB,2007,1.892127954,1.430331718
666,Guinea-Bissau,GNB,2008,1.894175375,1.434909648
667,Guinea-Bissau,GNB,2009,1.895013517,1.434900975
668,Guinea-Bissau,GNB,2010,1.8982811,1.436704381
669,Guinea-Bissau,GNB,2011,1.903216486,1.439590095
670,Guinea-Bissau,GNB,2012,1.909500135,1.444803579
671,Guinea-Bissau,GNB,2013,1.912379209,1.446386244
672,Guinea-Bissau,GNB,2014,1.917289669,1.450363923
673,Guinea-Bissau,GNB,2015,1.925032564,1.455021294
674,Guinea-Bissau,GNB,2016,1.93032541,1.458431587
675,Kenya,KEN,1990,1.767912853,1.185734123
676,Kenya,KEN,1991,1.770198546,1.185606211
677,Kenya,KEN,1992,1.773084081,1.186178462
678,Kenya,KEN,1993,1.776059347,1.186410587
679,Kenya,KEN,1994,1.779193248,1.18670662
680,Kenya,KEN,1995,1.782232361,1.187221843
681,Kenya,KEN,1996,1.790601673,1.189108312
682,Kenya,KEN,1997,1.799363462,1.190907099
683,Kenya,KEN,1998,1.808549256,1.192954991
684,Kenya,KEN,1999,1.817851469,1.195154941
685,Kenya,KEN,2000,1.826945638,1.197777988
686,Kenya,KEN,2001,1.826001433,1.19775805
687,Kenya,KEN,2002,1.825070115,1.19824914
688,Kenya,KEN,2003,1.824312674,1.198293293
689,Kenya,KEN,2004,1.824273862,1.19851465
690,Kenya,KEN,2005,1.82365635,1.199077895
691,Kenya,KEN,2006,1.818696599,1.199792537
692,Kenya,KEN,2007,1.812651503,1.199763735
693,Kenya,KEN,2008,1.806787872,1.20030938
694,Kenya,KEN,2009,1.802195354,1.201400701
695,Kenya,KEN,2010,1.797792669,1.201914674
696,Kenya,KEN,2011,1.802827933,1.206946888
697,Kenya,KEN,2012,1.808372085,1.211991704
698,Kenya,KEN,2013,1.813763527,1.217374824
699,Kenya,KEN,2014,1.819602868,1.22300802
700,Kenya,KEN,2015,1.824604407,1.228375715
701,Kenya,KEN,2016,1.830769355,1.23419669
702,Lesotho,LSO,1990,3.069595191,1.408437536
703,Lesotho,LSO,1991,3.070185176,1.412797537
704,Lesotho,LSO,1992,3.074749062,1.412688327
705,Lesotho,LSO,1993,3.075554141,1.417528565
706,Lesotho,LSO,1994,3.078662221,1.420833434
707,Lesotho,LSO,1995,3.084353625,1.422932514
708,Lesotho,LSO,1996,3.081860907,1.423794197
709,Lesotho,LSO,1997,3.079474806,1.424541042
710,Lesotho,LSO,1998,3.082068474,1.427792266
711,Lesotho,LSO,1999,3.080720123,1.431565551
712,Lesotho,LSO,2000,3.080445055,1.432319665
713,Lesotho,LSO,2001,3.081662837,1.435690364
714,Lesotho,LSO,2002,3.078724763,1.439181101
715,Lesotho,LSO,2003,3.080214951,1.438799536
716,Lesotho,LSO,2004,3.079201639,1.442039837
717,Lesotho,LSO,2005,3.079282623,1.444702606
718,Lesotho,LSO,2006,3.082615082,1.447094984
719,Lesotho,LSO,2007,3.081729966,1.449419934
720,Lesotho,LSO,2008,3.084540372,1.451997447
721,Lesotho,LSO,2009,3.08753929,1.455412334
722,Lesotho,LSO,2010,3.089109124,1.457684274
723,Lesotho,LSO,2011,3.095050088,1.457957957
724,Lesotho,LSO,2012,3.096156227,1.464580064
725,Lesotho,LSO,2013,3.105139757,1.470101241
726,Lesotho,LSO,2014,3.108435178,1.470665259
727,Lesotho,LSO,2015,3.115559483,1.473836605
728,Lesotho,LSO,2016,3.1216068,1.477559369
729,Liberia,LBR,1990,1.764848484,1.379741073
730,Liberia,LBR,1991,1.753510367,1.38069312
731,Liberia,LBR,1992,1.744720841,1.37830247
732,Liberia,LBR,1993,1.732529275,1.379816901
733,Liberia,LBR,1994,1.722452153,1.379425147
734,Liberia,LBR,1995,1.71217251,1.379538853
735,Liberia,LBR,1996,1.712696922,1.381987158
736,Liberia,LBR,1997,1.711225587,1.380170869
737,Liberia,LBR,1998,1.711871324,1.38914994
738,Liberia,LBR,1999,1.710059239,1.389212227
739,Liberia,LBR,2000,1.711199173,1.392926607
740,Liberia,LBR,2001,1.717241531,1.391714779
741,Liberia,LBR,2002,1.7195982,1.395193329
742,Liberia,LBR,2003,1.723999238,1.395256698
743,Liberia,LBR,2004,1.725207918,1.397277708
744,Liberia,LBR,2005,1.733403206,1.398127707
745,Liberia,LBR,2006,1.738786117,1.39926282
746,Liberia,LBR,2007,1.743206085,1.401024126
747,Liberia,LBR,2008,1.747973668,1.403118092
748,Liberia,LBR,2009,1.751942831,1.403902137
749,Liberia,LBR,2010,1.757777344,1.407200441
750,Liberia,LBR,2011,1.7656893,1.409112906
751,Liberia,LBR,2012,1.769898968,1.413075121
752,Liberia,LBR,2013,1.775275024,1.419207507
753,Liberia,LBR,2014,1.78145672,1.424058569
754,Liberia,LBR,2015,1.786868838,1.42686499
755,Liberia,LBR,2016,1.795411121,1.431942911
756,Libya,LBY,1990,1.727280138,1.110003199
757,Libya,LBY,1991,1.732673888,1.113059459
758,Libya,LBY,1992,1.741492192,1.111185523
759,Libya,LBY,1993,1.74751515,1.114825039
760,Libya,LBY,1994,1.753026897,1.115783416
761,Libya,LBY,1995,1.757574539,1.115831786
762,Libya,LBY,1996,1.767547274,1.116582324
763,Libya,LBY,1997,1.777141536,1.121321364
764,Libya,LBY,1998,1.783445969,1.122705301
765,Libya,LBY,1999,1.794202653,1.124107856
766,Libya,LBY,2000,1.801028912,1.125239212
767,Libya,LBY,2001,1.81191646,1.12851362
768,Libya,LBY,2002,1.821960864,1.125582123
769,Libya,LBY,2003,1.832044939,1.130787547
770,Libya,LBY,2004,1.840084399,1.12788971
771,Libya,LBY,2005,1.85037218,1.130062451
772,Libya,LBY,2006,1.856283521,1.136235001
773,Libya,LBY,2007,1.862038959,1.144906052
774,Libya,LBY,2008,1.87336191,1.145557567
775,Libya,LBY,2009,1.87791749,1.151290815
776,Libya,LBY,2010,1.885514694,1.157776902
777,Libya,LBY,2011,1.896465216,1.160343007
778,Libya,LBY,2012,1.903986014,1.160007299
779,Libya,LBY,2013,1.917015681,1.164858138
780,Libya,LBY,2014,1.924135906,1.163481558
781,Libya,LBY,2015,1.931085284,1.163810577
782,Libya,LBY,2016,1.941904554,1.167643256
783,Madagascar,MDG,1990,2.550493698,1.29806654
784,Madagascar,MDG,1991,2.545842646,1.295443723
785,Madagascar,MDG,1992,2.539901814,1.29568746
786,Madagascar,MDG,1993,2.536973932,1.292494821
787,Madagascar,MDG,1994,2.531077426,1.293083876
788,Madagascar,MDG,1995,2.528904843,1.288783241
789,Madagascar,MDG,1996,2.522277085,1.287609613
790,Madagascar,MDG,1997,2.520998616,1.283445142
791,Madagascar,MDG,1998,2.514408506,1.282927166
792,Madagascar,MDG,1999,2.514689902,1.279260533
793,Madagascar,MDG,2000,2.5107673,1.280086219
794,Madagascar,MDG,2001,2.506554466,1.279560217
795,Madagascar,MDG,2002,2.505353926,1.278791701
796,Madagascar,MDG,2003,2.503941885,1.279728678
797,Madagascar,MDG,2004,2.500360744,1.277124961
798,Madagascar,MDG,2005,2.498248567,1.276615253
799,Madagascar,MDG,2006,2.500811607,1.278666561
800,Madagascar,MDG,2007,2.501606119,1.279502149
801,Madagascar,MDG,2008,2.504011917,1.281481788
802,Madagascar,MDG,2009,2.506269078,1.279701627
803,Madagascar,MDG,2010,2.50998708,1.282239367
804,Madagascar,MDG,2011,2.517719521,1.284166754
805,Madagascar,MDG,2012,2.529251302,1.290720038
806,Madagascar,MDG,2013,2.541492713,1.292108488
807,Madagascar,MDG,2014,2.549181624,1.295806518
808,Madagascar,MDG,2015,2.556877255,1.296975124
809,Madagascar,MDG,2016,2.56939253,1.300712142
810,Malawi,MWI,1990,2.539301237,1.30829405
811,Malawi,MWI,1991,2.542565888,1.306144094
812,Malawi,MWI,1992,2.547394329,1.306393519
813,Malawi,MWI,1993,2.552882164,1.305630383
814,Malawi,MWI,1994,2.555478383,1.301982844
815,Malawi,MWI,1995,2.561234571,1.301585004
816,Malawi,MWI,1996,2.570236452,1.299590983
817,Malawi,MWI,1997,2.58173541,1.297047217
818,Malawi,MWI,1998,2.592120593,1.293880729
819,Malawi,MWI,1999,2.602549788,1.292947724
820,Malawi,MWI,2000,2.613847457,1.28911605
821,Malawi,MWI,2001,2.618711048,1.286358806
822,Malawi,MWI,2002,2.6210288,1.285791666
823,Malawi,MWI,2003,2.62627808,1.28749984
824,Malawi,MWI,2004,2.627469729,1.28675738
825,Malawi,MWI,2005,2.632965101,1.284305762
826,Malawi,MWI,2006,2.638470211,1.283666809
827,Malawi,MWI,2007,2.639541188,1.282663838
828,Malawi,MWI,2008,2.646888139,1.280475082
829,Malawi,MWI,2009,2.654834826,1.280384776
830,Malawi,MWI,2010,2.65908464,1.280356854
831,Malawi,MWI,2011,2.668114902,1.284985284
832,Malawi,MWI,2012,2.679781074,1.288658088
833,Malawi,MWI,2013,2.685378299,1.295742224
834,Malawi,MWI,2014,2.694933264,1.296749734
835,Malawi,MWI,2015,2.702101,1.30175648
836,Malawi,MWI,2016,2.712872118,1.308733615
837,Mali,MLI,1990,1.687011111,1.360997689
838,Mali,MLI,1991,1.675285515,1.361186344
839,Mali,MLI,1992,1.667293558,1.360468523
840,Mali,MLI,1993,1.659276244,1.363611928
841,Mali,MLI,1994,1.647304202,1.363911197
842,Mali,MLI,1995,1.640814085,1.363894966
843,Mali,MLI,1996,1.639083783,1.368316174
844,Mali,MLI,1997,1.642694453,1.370209342
845,Mali,MLI,1998,1.641573098,1.373554502
846,Mali,MLI,1999,1.642340786,1.376767723
847,Mali,MLI,2000,1.643654994,1.379448591
848,Mali,MLI,2001,1.640746285,1.377224682
849,Mali,MLI,2002,1.643278924,1.375681276
850,Mali,MLI,2003,1.643049461,1.374953034
851,Mali,MLI,2004,1.643309316,1.374664276
852,Mali,MLI,2005,1.644333716,1.374469092
853,Mali,MLI,2006,1.649084503,1.377413836
854,Mali,MLI,2007,1.655173483,1.380205685
855,Mali,MLI,2008,1.658998872,1.383354553
856,Mali,MLI,2009,1.663002406,1.38809873
857,Mali,MLI,2010,1.669041382,1.390799695
858,Mali,MLI,2011,1.676529065,1.395367103
859,Mali,MLI,2012,1.682541229,1.397644328
860,Mali,MLI,2013,1.693293975,1.404263702
861,Mali,MLI,2014,1.700379161,1.411917471
862,Mali,MLI,2015,1.70611487,1.414080564
863,Mali,MLI,2016,1.715625926,1.420706524
864,Mauritania,MRT,1990,1.762337467,1.372609927
865,Mauritania,MRT,1991,1.751083432,1.37275164
866,Mauritania,MRT,1992,1.737073699,1.372226496
867,Mauritania,MRT,1993,1.726389744,1.372177075
868,Mauritania,MRT,1994,1.71624549,1.37571351
869,Mauritania,MRT,1995,1.706002162,1.375782241
870,Mauritania,MRT,1996,1.703953954,1.377445448
871,Mauritania,MRT,1997,1.700337568,1.380100887
872,Mauritania,MRT,1998,1.696701454,1.381703966
873,Mauritania,MRT,1999,1.695431751,1.386053003
874,Mauritania,MRT,2000,1.694750003,1.38884436
875,Mauritania,MRT,2001,1.69543765,1.388399714
876,Mauritania,MRT,2002,1.691949094,1.387135382
877,Mauritania,MRT,2003,1.690763786,1.385379017
878,Mauritania,MRT,2004,1.68941317,1.386123357
879,Mauritania,MRT,2005,1.692428342,1.387932182
880,Mauritania,MRT,2006,1.69665687,1.390312866
881,Mauritania,MRT,2007,1.698972174,1.392691106
882,Mauritania,MRT,2008,1.705048693,1.396946538
883,Mauritania,MRT,2009,1.707969397,1.400894848
884,Mauritania,MRT,2010,1.713921055,1.403521705
885,Mauritania,MRT,2011,1.724544609,1.405725128
886,Mauritania,MRT,2012,1.736638085,1.412966708
887,Mauritania,MRT,2013,1.745908901,1.416441026
888,Mauritania,MRT,2014,1.758644957,1.421268381
889,Mauritania,MRT,2015,1.76670334,1.424147149
890,Mauritania,MRT,2016,1.7775853,1.43006073
891,Mauritius,MUS,1990,2.868548281,1.039447633
892,Mauritius,MUS,1991,2.864631112,1.040596545
893,Mauritius,MUS,1992,2.85474279,1.03851108
894,Mauritius,MUS,1993,2.847761,1.038338467
895,Mauritius,MUS,1994,2.845235068,1.040590528
896,Mauritius,MUS,1995,2.837381619,1.040260804
897,Mauritius,MUS,1996,2.809766825,1.038686702
898,Mauritius,MUS,1997,2.785557643,1.042533173
899,Mauritius,MUS,1998,2.760010314,1.043255356
900,Mauritius,MUS,1999,2.73437251,1.041808758
901,Mauritius,MUS,2000,2.709583166,1.043042508
902,Mauritius,MUS,2001,2.683079981,1.040373247
903,Mauritius,MUS,2002,2.66412373,1.046159201
904,Mauritius,MUS,2003,2.640340637,1.044184195
905,Mauritius,MUS,2004,2.615446372,1.048410898
906,Mauritius,MUS,2005,2.593279296,1.049902356
907,Mauritius,MUS,2006,2.598257401,1.0542762
908,Mauritius,MUS,2007,2.598976331,1.057108054
909,Mauritius,MUS,2008,2.604583775,1.06409709
910,Mauritius,MUS,2009,2.61380375,1.067672582
911,Mauritius,MUS,2010,2.618591128,1.073555285
912,Mauritius,MUS,2011,2.615768186,1.072002242
913,Mauritius,MUS,2012,2.615129626,1.075291779
914,Mauritius,MUS,2013,2.616499134,1.080926521
915,Mauritius,MUS,2014,2.612681728,1.080273528
916,Mauritius,MUS,2015,2.610248423,1.084347781
917,Mauritius,MUS,2016,2.612754859,1.084621903
918,Morocco,MAR,1990,1.49706118,0.938505476
919,Morocco,MAR,1991,1.501959931,0.938949268
920,Morocco,MAR,1992,1.502898287,0.93781327
921,Morocco,MAR,1993,1.505557351,0.935610048
922,Morocco,MAR,1994,1.50579299,0.935942343
923,Morocco,MAR,1995,1.512079054,0.93428129
924,Morocco,MAR,1996,1.51996061,0.934932664
925,Morocco,MAR,1997,1.527054594,0.934047944
926,Morocco,MAR,1998,1.531940115,0.931454117
927,Morocco,MAR,1999,1.539652746,0.932970384
928,Morocco,MAR,2000,1.545570112,0.933964507
929,Morocco,MAR,2001,1.552397495,0.932146765
930,Morocco,MAR,2002,1.562010062,0.936262714
931,Morocco,MAR,2003,1.566901353,0.935616624
932,Morocco,MAR,2004,1.571382569,0.936721961
933,Morocco,MAR,2005,1.578576191,0.935667618
934,Morocco,MAR,2006,1.588285278,0.941406263
935,Morocco,MAR,2007,1.596551475,0.948434966
936,Morocco,MAR,2008,1.609327219,0.95424271
937,Morocco,MAR,2009,1.617191188,0.959708837
938,Morocco,MAR,2010,1.624935738,0.965501355
939,Morocco,MAR,2011,1.629725331,0.966511477
940,Morocco,MAR,2012,1.635950535,0.969017444
941,Morocco,MAR,2013,1.637085574,0.969870511
942,Morocco,MAR,2014,1.639321619,0.970909148
943,Morocco,MAR,2015,1.646230917,0.974261424
944,Morocco,MAR,2016,1.650841095,0.973446511
945,Mozambique,MOZ,1990,2.562922009,1.283941862
946,Mozambique,MOZ,1991,2.565161739,1.284526222
947,Mozambique,MOZ,1992,2.562635481,1.280793892
948,Mozambique,MOZ,1993,2.56297368,1.277242837
949,Mozambique,MOZ,1994,2.563594733,1.278421204
950,Mozambique,MOZ,1995,2.565615974,1.276333974
951,Mozambique,MOZ,1996,2.567107425,1.274042467
952,Mozambique,MOZ,1997,2.572235179,1.272346973
953,Mozambique,MOZ,1998,2.574802301,1.272575002
954,Mozambique,MOZ,1999,2.576540624,1.270108311
955,Mozambique,MOZ,2000,2.584784467,1.267099144
956,Mozambique,MOZ,2001,2.587447571,1.269294825
957,Mozambique,MOZ,2002,2.591871753,1.267077543
958,Mozambique,MOZ,2003,2.596191199,1.266925769
959,Mozambique,MOZ,2004,2.600893722,1.269700749
960,Mozambique,MOZ,2005,2.601904665,1.269813435
961,Mozambique,MOZ,2006,2.610457602,1.270566051
962,Mozambique,MOZ,2007,2.618002002,1.270579846
963,Mozambique,MOZ,2008,2.627255623,1.273332276
964,Mozambique,MOZ,2009,2.638238762,1.271650394
965,Mozambique,MOZ,2010,2.645496656,1.275250409
966,Mozambique,MOZ,2011,2.655407272,1.280222096
967,Mozambique,MOZ,2012,2.658770229,1.283572691
968,Mozambique,MOZ,2013,2.664711832,1.288611227
969,Mozambique,MOZ,2014,2.674658981,1.291596501
970,Mozambique,MOZ,2015,2.678419403,1.296330599
971,Mozambique,MOZ,2016,2.686119336,1.302574286
972,Namibia,NAM,1990,3.262762864,1.427011553
973,Namibia,NAM,1991,3.265023039,1.433554962
974,Namibia,NAM,1992,3.271148278,1.437079627
975,Namibia,NAM,1993,3.271899589,1.440416915
976,Namibia,NAM,1994,3.276925536,1.448541323
977,Namibia,NAM,1995,3.281772002,1.451872117
978,Namibia,NAM,1996,3.280398757,1.450309089
979,Namibia,NAM,1997,3.276117693,1.454301265
980,Namibia,NAM,1998,3.27388809,1.453686914
981,Namibia,NAM,1999,3.270057385,1.452993455
982,Namibia,NAM,2000,3.267057446,1.454917249
983,Namibia,NAM,2001,3.266183324,1.453048861
984,Namibia,NAM,2002,3.261621414,1.452406846
985,Namibia,NAM,2003,3.256313713,1.452214804
986,Namibia,NAM,2004,3.252029634,1.450034055
987,Namibia,NAM,2005,3.250071673,1.449172618
988,Namibia,NAM,2006,3.250083567,1.44771089
989,Namibia,NAM,2007,3.248513065,1.449339562
990,Namibia,NAM,2008,3.248794912,1.44529977
991,Namibia,NAM,2009,3.248157297,1.443865168
992,Namibia,NAM,2010,3.245558385,1.443363019
993,Namibia,NAM,2011,3.245833369,1.442820852
994,Namibia,NAM,2012,3.243946589,1.444565409
995,Namibia,NAM,2013,3.24300268,1.44684712
996,Namibia,NAM,2014,3.245265077,1.449649799
997,Namibia,NAM,2015,3.244538506,1.449952543
998,Namibia,NAM,2016,3.245869923,1.453051587
999,Niger,NER,1990,1.67869649,1.359526399
1000,Niger,NER,1991,1.667177998,1.35972334
1001,Niger,NER,1992,1.657295761,1.361653728
1002,Niger,NER,1993,1.646506217,1.360712204
1003,Niger,NER,1994,1.635978589,1.36162979
1004,Niger,NER,1995,1.627047315,1.364774785
1005,Niger,NER,1996,1.628321413,1.364695526
1006,Niger,NER,1997,1.628238686,1.367517278
1007,Niger,NER,1998,1.629318497,1.367003271
1008,Niger,NER,1999,1.632388806,1.368578198
1009,Niger,NER,2000,1.63258587,1.370297214
1010,Niger,NER,2001,1.636172024,1.370995266
1011,Niger,NER,2002,1.63582641,1.3719199
1012,Niger,NER,2003,1.638424245,1.371096116
1013,Niger,NER,2004,1.637411724,1.370187688
1014,Niger,NER,2005,1.638763218,1.370270255
1015,Niger,NER,2006,1.644254249,1.372556359
1016,Niger,NER,2007,1.649202232,1.374901065
1017,Niger,NER,2008,1.654609752,1.376470143
1018,Niger,NER,2009,1.658548656,1.377987006
1019,Niger,NER,2010,1.666395631,1.37949902
1020,Niger,NER,2011,1.671507214,1.383484716
1021,Niger,NER,2012,1.677984016,1.391755748
1022,Niger,NER,2013,1.682984025,1.396871675
1023,Niger,NER,2014,1.690082772,1.402007436
1024,Niger,NER,2015,1.696354698,1.40674115
1025,Niger,NER,2016,1.704030761,1.413714266
1026,Nigeria,NGA,1990,1.701120693,1.371913893
1027,Nigeria,NGA,1991,1.67757378,1.372476308
1028,Nigeria,NGA,1992,1.656782675,1.375419016
1029,Nigeria,NGA,1993,1.637056021,1.374729898
1030,Nigeria,NGA,1994,1.613228289,1.374548861
1031,Nigeria,NGA,1995,1.593988386,1.375608032
1032,Nigeria,NGA,1996,1.601161315,1.376255692
1033,Nigeria,NGA,1997,1.606506907,1.377421435
1034,Nigeria,NGA,1998,1.610609313,1.377546844
1035,Nigeria,NGA,1999,1.618857524,1.378854391
1036,Nigeria,NGA,2000,1.623628947,1.379867242
1037,Nigeria,NGA,2001,1.626503466,1.378370851
1038,Nigeria,NGA,2002,1.631133851,1.378677587
1039,Nigeria,NGA,2003,1.63354933,1.378766909
1040,Nigeria,NGA,2004,1.638137427,1.380996893
1041,Nigeria,NGA,2005,1.641049271,1.379112596
1042,Nigeria,NGA,2006,1.659922684,1.382987115
1043,Nigeria,NGA,2007,1.678399223,1.385474491
1044,Nigeria,NGA,2008,1.699785931,1.390045785
1045,Nigeria,NGA,2009,1.719398832,1.391835924
1046,Nigeria,NGA,2010,1.738650321,1.395334226
1047,Nigeria,NGA,2011,1.744780695,1.400181524
1048,Nigeria,NGA,2012,1.752684468,1.407757488
1049,Nigeria,NGA,2013,1.762356074,1.413546813
1050,Nigeria,NGA,2014,1.769276857,1.419117155
1051,Nigeria,NGA,2015,1.775414796,1.42516588
1052,Nigeria,NGA,2016,1.785917749,1.432192454
1053,Rwanda,RWA,1990,4.092957729,1.374854711
1054,Rwanda,RWA,1991,4.094998543,1.373218481
1055,Rwanda,RWA,1992,4.09999584,1.373301034
1056,Rwanda,RWA,1993,4.103770409,1.370813786
1057,Rwanda,RWA,1994,4.106274524,1.36955788
1058,Rwanda,RWA,1995,4.110308914,1.370068365
1059,Rwanda,RWA,1996,4.103329412,1.366107524
1060,Rwanda,RWA,1997,4.094898173,1.359370436
1061,Rwanda,RWA,1998,4.090766933,1.354231002
1062,Rwanda,RWA,1999,4.084278269,1.350855198
1063,Rwanda,RWA,2000,4.079437577,1.345857316
1064,Rwanda,RWA,2001,4.110192406,1.341091418
1065,Rwanda,RWA,2002,4.138056221,1.330196183
1066,Rwanda,RWA,2003,4.168348804,1.322132551
1067,Rwanda,RWA,2004,4.200236352,1.317263224
1068,Rwanda,RWA,2005,4.230244368,1.308848239
1069,Rwanda,RWA,2006,4.242593308,1.314993515
1070,Rwanda,RWA,2007,4.25447647,1.320522927
1071,Rwanda,RWA,2008,4.264517027,1.323970221
1072,Rwanda,RWA,2009,4.275209358,1.330104301
1073,Rwanda,RWA,2010,4.289567536,1.337415843
1074,Rwanda,RWA,2011,4.316813105,1.338870333
1075,Rwanda,RWA,2012,4.342995864,1.342497374
1076,Rwanda,RWA,2013,4.367684955,1.34461776
1077,Rwanda,RWA,2014,4.395795426,1.348613608
1078,Rwanda,RWA,2015,4.421910681,1.352600951
1079,Rwanda,RWA,2016,4.450426394,1.353720503
1080,Sao Tome and Principe,STP,1990,1.814789894,1.37378986
1081,Sao Tome and Principe,STP,1991,1.812070728,1.37138673
1082,Sao Tome and Principe,STP,1992,1.807679195,1.365644437
1083,Sao Tome and Principe,STP,1993,1.804612268,1.36348825
1084,Sao Tome and Principe,STP,1994,1.804560496,1.360309908
1085,Sao Tome and Principe,STP,1995,1.801044071,1.359804141
1086,Sao Tome and Principe,STP,1996,1.805225351,1.360971409
1087,Sao Tome and Principe,STP,1997,1.807733544,1.361244703
1088,Sao Tome and Principe,STP,1998,1.811495421,1.364241437
1089,Sao Tome and Principe,STP,1999,1.814436639,1.363923983
1090,Sao Tome and Principe,STP,2000,1.818255168,1.366732048
1091,Sao Tome and Principe,STP,2001,1.824180541,1.365254326
1092,Sao Tome and Principe,STP,2002,1.824982047,1.362798924
1093,Sao Tome and Principe,STP,2003,1.829259311,1.364417078
1094,Sao Tome and Principe,STP,2004,1.833726049,1.362012093
1095,Sao Tome and Principe,STP,2005,1.836469874,1.361716674
1096,Sao Tome and Principe,STP,2006,1.845137537,1.364888802
1097,Sao Tome and Principe,STP,2007,1.85302859,1.368308483
1098,Sao Tome and Principe,STP,2008,1.863946068,1.369449624
1099,Sao Tome and Principe,STP,2009,1.870812156,1.373664775
1100,Sao Tome and Principe,STP,2010,1.880821316,1.376696213
1101,Sao Tome and Principe,STP,2011,1.880248796,1.380690042
1102,Sao Tome and Principe,STP,2012,1.882061334,1.388159388
1103,Sao Tome and Principe,STP,2013,1.879942062,1.392303445
1104,Sao Tome and Principe,STP,2014,1.883824958,1.397779452
1105,Sao Tome and Principe,STP,2015,1.883373636,1.402111337
1106,Sao Tome and Principe,STP,2016,1.883819917,1.408145616
1107,Senegal,SEN,1990,1.749542829,1.369969462
1108,Senegal,SEN,1991,1.741913069,1.370374005
1109,Senegal,SEN,1992,1.73516317,1.370295647
1110,Senegal,SEN,1993,1.727872164,1.370883171
1111,Senegal,SEN,1994,1.72524354,1.371213076
1112,Senegal,SEN,1995,1.71955998,1.37254584
1113,Senegal,SEN,1996,1.724297176,1.373400983
1114,Senegal,SEN,1997,1.731471522,1.375964313
1115,Senegal,SEN,1998,1.737453704,1.380231772
1116,Senegal,SEN,1999,1.745674617,1.380623795
1117,Senegal,SEN,2000,1.751320014,1.383054662
1118,Senegal,SEN,2001,1.754885798,1.382521683
1119,Senegal,SEN,2002,1.761264614,1.382903391
1120,Senegal,SEN,2003,1.767826522,1.38359844
1121,Senegal,SEN,2004,1.773939358,1.382937585
1122,Senegal,SEN,2005,1.780869164,1.384558483
1123,Senegal,SEN,2006,1.785460729,1.386895479
1124,Senegal,SEN,2007,1.790423246,1.388956419
1125,Senegal,SEN,2008,1.796297441,1.393337048
1126,Senegal,SEN,2009,1.801534258,1.391729639
1127,Senegal,SEN,2010,1.80631146,1.398555658
1128,Senegal,SEN,2011,1.81519668,1.403095311
1129,Senegal,SEN,2012,1.821788474,1.405975645
1130,Senegal,SEN,2013,1.829975276,1.41209974
1131,Senegal,SEN,2014,1.837506151,1.419583092
1132,Senegal,SEN,2015,1.846919937,1.421903009
1133,Senegal,SEN,2016,1.851410767,1.428115878
1134,Seychelles,SYC,1990,2.438365574,1.12313044
1135,Seychelles,SYC,1991,2.44050023,1.124234085
1136,Seychelles,SYC,1992,2.443643109,1.12350282
1137,Seychelles,SYC,1993,2.450069591,1.128270528
1138,Seychelles,SYC,1994,2.452235376,1.126872011
1139,Seychelles,SYC,1995,2.460125145,1.128855131
1140,Seychelles,SYC,1996,2.461887507,1.131236818
1141,Seychelles,SYC,1997,2.469910599,1.138476512
1142,Seychelles,SYC,1998,2.474612498,1.142123345
1143,Seychelles,SYC,1999,2.480065099,1.147421162
1144,Seychelles,SYC,2000,2.489312717,1.153033733
1145,Seychelles,SYC,2001,2.478146876,1.151364199
1146,Seychelles,SYC,2002,2.470864803,1.153172704
1147,Seychelles,SYC,2003,2.463834216,1.151858779
1148,Seychelles,SYC,2004,2.457791005,1.150837814
1149,Seychelles,SYC,2005,2.45159926,1.153193655
1150,Seychelles,SYC,2006,2.44063896,1.151129539
1151,Seychelles,SYC,2007,2.429118642,1.148325542
1152,Seychelles,SYC,2008,2.42032628,1.144528408
1153,Seychelles,SYC,2009,2.408476179,1.146166617
1154,Seychelles,SYC,2010,2.398153005,1.144346997
1155,Seychelles,SYC,2011,2.393565716,1.145500437
1156,Seychelles,SYC,2012,2.389895608,1.147257167
1157,Seychelles,SYC,2013,2.379004691,1.154635248
1158,Seychelles,SYC,2014,2.376536677,1.157900839
1159,Seychelles,SYC,2015,2.372963815,1.158975164
1160,Seychelles,SYC,2016,2.368282308,1.163070712
1161,Sierra Leone,SLE,1990,1.720103272,1.376613847
1162,Sierra Leone,SLE,1991,1.717384794,1.380126262
1163,Sierra Leone,SLE,1992,1.71739799,1.381536158
1164,Sierra Leone,SLE,1993,1.713578018,1.387924286
1165,Sierra Leone,SLE,1994,1.710035681,1.391560027
1166,Sierra Leone,SLE,1995,1.707982077,1.396406474
1167,Sierra Leone,SLE,1996,1.710224331,1.398952811
1168,Sierra Leone,SLE,1997,1.709066104,1.404938086
1169,Sierra Leone,SLE,1998,1.714746503,1.407666544
1170,Sierra Leone,SLE,1999,1.716618802,1.415367628
1171,Sierra Leone,SLE,2000,1.719329039,1.417761318
1172,Sierra Leone,SLE,2001,1.72220456,1.419767527
1173,Sierra Leone,SLE,2002,1.722293946,1.421967439
1174,Sierra Leone,SLE,2003,1.72585018,1.421751047
1175,Sierra Leone,SLE,2004,1.728469948,1.424858487
1176,Sierra Leone,SLE,2005,1.73081565,1.427566656
1177,Sierra Leone,SLE,2006,1.736032742,1.430865163
1178,Sierra Leone,SLE,2007,1.740913455,1.433107728
1179,Sierra Leone,SLE,2008,1.745922228,1.439769005
1180,Sierra Leone,SLE,2009,1.75405206,1.441634784
1181,Sierra Leone,SLE,2010,1.75810664,1.443692424
1182,Sierra Leone,SLE,2011,1.765743828,1.447894165
1183,Sierra Leone,SLE,2012,1.771934208,1.451505964
1184,Sierra Leone,SLE,2013,1.776779775,1.454050187
1185,Sierra Leone,SLE,2014,1.786048556,1.459196424
1186,Sierra Leone,SLE,2015,1.794788836,1.460526585
1187,Sierra Leone,SLE,2016,1.800045369,1.465884111
1188,Somalia,SOM,1990,2.494511343,1.310611455
1189,Somalia,SOM,1991,2.489600626,1.308769527
1190,Somalia,SOM,1992,2.489101806,1.306302001
1191,Somalia,SOM,1993,2.485685734,1.306882563
1192,Somalia,SOM,1994,2.482171051,1.304214126
1193,Somalia,SOM,1995,2.479388532,1.30499069
1194,Somalia,SOM,1996,2.476740826,1.303599341
1195,Somalia,SOM,1997,2.476322364,1.29819395
1196,Somalia,SOM,1998,2.479016346,1.29862184
1197,Somalia,SOM,1999,2.475834822,1.295048711
1198,Somalia,SOM,2000,2.477124916,1.29278568
1199,Somalia,SOM,2001,2.470984666,1.293443758
1200,Somalia,SOM,2002,2.466444964,1.293490711
1201,Somalia,SOM,2003,2.461740567,1.29047414
1202,Somalia,SOM,2004,2.454488205,1.29053834
1203,Somalia,SOM,2005,2.449602865,1.291076633
1204,Somalia,SOM,2006,2.453976668,1.291746551
1205,Somalia,SOM,2007,2.45947237,1.292168378
1206,Somalia,SOM,2008,2.462034717,1.293789367
1207,Somalia,SOM,2009,2.464790773,1.293727002
1208,Somalia,SOM,2010,2.468095056,1.295289242
1209,Somalia,SOM,2011,2.475412744,1.295424494
1210,Somalia,SOM,2012,2.483421288,1.297218378
1211,Somalia,SOM,2013,2.489358809,1.302714082
1212,Somalia,SOM,2014,2.497153531,1.304813803
1213,Somalia,SOM,2015,2.504269759,1.305705901
1214,Somalia,SOM,2016,2.511952075,1.308592079
1215,South Africa,ZAF,1990,3.56310633,1.682653886
1216,South Africa,ZAF,1991,3.585668936,1.687118192
1217,South Africa,ZAF,1992,3.610841228,1.691535128
1218,South Africa,ZAF,1993,3.636589724,1.695659239
1219,South Africa,ZAF,1994,3.661428503,1.700876187
1220,South Africa,ZAF,1995,3.687816559,1.704593165
1221,South Africa,ZAF,1996,3.629189794,1.691445789
1222,South Africa,ZAF,1997,3.572228851,1.679209595
1223,South Africa,ZAF,1998,3.516521532,1.66408582
1224,South Africa,ZAF,1999,3.462106559,1.650756445
1225,South Africa,ZAF,2000,3.410390347,1.63730673
1226,South Africa,ZAF,2001,3.368835853,1.620741954
1227,South Africa,ZAF,2002,3.333837377,1.605624653
1228,South Africa,ZAF,2003,3.297732454,1.590496139
1229,South Africa,ZAF,2004,3.263821027,1.574553242
1230,South Africa,ZAF,2005,3.22926728,1.559857554
1231,South Africa,ZAF,2006,3.217703013,1.552848012
1232,South Africa,ZAF,2007,3.208694708,1.54740094
1233,South Africa,ZAF,2008,3.199026351,1.541600587
1234,South Africa,ZAF,2009,3.191742645,1.537273216
1235,South Africa,ZAF,2010,3.188337309,1.531988073
1236,South Africa,ZAF,2011,3.141155906,1.514608056
1237,South Africa,ZAF,2012,3.095468106,1.496948929
1238,South Africa,ZAF,2013,3.054456474,1.481459278
1239,South Africa,ZAF,2014,3.011979885,1.466306301
1240,South Africa,ZAF,2015,2.974934405,1.451777364
1241,South Africa,ZAF,2016,2.93925512,1.43972155
1242,South Sudan,SSD,1990,2.47696724,1.285999004
1243,South Sudan,SSD,1991,2.473340768,1.285695766
1244,South Sudan,SSD,1992,2.467243145,1.285711139
1245,South Sudan,SSD,1993,2.464773529,1.282386369
1246,South Sudan,SSD,1994,2.461770505,1.284022815
1247,South Sudan,SSD,1995,2.45879355,1.285096971
1248,South Sudan,SSD,1996,2.464151483,1.283758826
1249,South Sudan,SSD,1997,2.468805284,1.280841411
1250,South Sudan,SSD,1998,2.47653904,1.281237156
1251,South Sudan,SSD,1999,2.482366527,1.279412005
1252,South Sudan,SSD,2000,2.48867036,1.276912296
1253,South Sudan,SSD,2001,2.485819889,1.277782133
1254,South Sudan,SSD,2002,2.480256474,1.279129276
1255,South Sudan,SSD,2003,2.475789629,1.279633002
1256,South Sudan,SSD,2004,2.474776982,1.279254382
1257,South Sudan,SSD,2005,2.470267747,1.281794735
1258,South Sudan,SSD,2006,2.474312703,1.282273387
1259,South Sudan,SSD,2007,2.478452787,1.28120713
1260,South Sudan,SSD,2008,2.479009312,1.284722568
1261,South Sudan,SSD,2009,2.483200015,1.283697014
1262,South Sudan,SSD,2010,2.48852354,1.2852158
1263,South Sudan,SSD,2011,2.496346044,1.289649202
1264,South Sudan,SSD,2012,2.504614266,1.291076616
1265,South Sudan,SSD,2013,2.512284705,1.292744397
1266,South Sudan,SSD,2014,2.518445701,1.296553898
1267,South Sudan,SSD,2015,2.528846096,1.301291906
1268,South Sudan,SSD,2016,2.537187027,1.305580212
1269,Sudan,SDN,1990,1.576892727,1.066002538
1270,Sudan,SDN,1991,1.57904048,1.066365777
1271,Sudan,SDN,1992,1.577097057,1.067112301
1272,Sudan,SDN,1993,1.581046921,1.065127742
1273,Sudan,SDN,1994,1.580158415,1.065960635
1274,Sudan,SDN,1995,1.583300805,1.065660769
1275,Sudan,SDN,1996,1.587179363,1.065512007
1276,Sudan,SDN,1997,1.590842108,1.069559737
1277,Sudan,SDN,1998,1.598378836,1.067673754
1278,Sudan,SDN,1999,1.598841629,1.069322856
1279,Sudan,SDN,2000,1.60764841,1.069651727
1280,Sudan,SDN,2001,1.609873703,1.07099827
1281,Sudan,SDN,2002,1.616542431,1.070649278
1282,Sudan,SDN,2003,1.624063827,1.07124692
1283,Sudan,SDN,2004,1.625142507,1.07290816
1284,Sudan,SDN,2005,1.632201029,1.075615099
1285,Sudan,SDN,2006,1.641509593,1.081658441
1286,Sudan,SDN,2007,1.647826923,1.086818362
1287,Sudan,SDN,2008,1.659345623,1.093799978
1288,Sudan,SDN,2009,1.666935329,1.100400726
1289,Sudan,SDN,2010,1.679022974,1.109151282
1290,Sudan,SDN,2011,1.681298532,1.110388735
1291,Sudan,SDN,2012,1.687583837,1.113838829
1292,Sudan,SDN,2013,1.691444561,1.112318469
1293,Sudan,SDN,2014,1.699832899,1.11367732
1294,Sudan,SDN,2015,1.703144541,1.116344115
1295,Sudan,SDN,2016,1.707302669,1.11816717
1296,Tanzania,TZA,1990,2.602513744,1.332963386
1297,Tanzania,TZA,1991,2.596767768,1.329928281
1298,Tanzania,TZA,1992,2.597174772,1.330712442
1299,Tanzania,TZA,1993,2.591382008,1.330218206
1300,Tanzania,TZA,1994,2.590209006,1.331710902
1301,Tanzania,TZA,1995,2.587634779,1.330276929
1302,Tanzania,TZA,1996,2.589690588,1.329844201
1303,Tanzania,TZA,1997,2.595499381,1.32853484
1304,Tanzania,TZA,1998,2.603195987,1.329150319
1305,Tanzania,TZA,1999,2.605309453,1.325979917
1306,Tanzania,TZA,2000,2.610324958,1.327845342
1307,Tanzania,TZA,2001,2.611460869,1.330028211
1308,Tanzania,TZA,2002,2.614765603,1.329461856
1309,Tanzania,TZA,2003,2.61546331,1.330557719
1310,Tanzania,TZA,2004,2.616364354,1.334008959
1311,Tanzania,TZA,2005,2.617631995,1.333501509
1312,Tanzania,TZA,2006,2.625507538,1.331736353
1313,Tanzania,TZA,2007,2.632266464,1.330796443
1314,Tanzania,TZA,2008,2.640603139,1.329283251
1315,Tanzania,TZA,2009,2.648030171,1.328260305
1316,Tanzania,TZA,2010,2.65615301,1.326385821
1317,Tanzania,TZA,2011,2.664650801,1.330023708
1318,Tanzania,TZA,2012,2.673239141,1.33403926
1319,Tanzania,TZA,2013,2.682393539,1.335959192
1320,Tanzania,TZA,2014,2.691230921,1.340027201
1321,Tanzania,TZA,2015,2.700296922,1.34209145
1322,Tanzania,TZA,2016,2.71117174,1.346475209
1323,Togo,TGO,1990,1.81185682,1.343583721
1324,Togo,TGO,1991,1.806208799,1.342538045
1325,Togo,TGO,1992,1.79977647,1.345359071
1326,Togo,TGO,1993,1.796292194,1.345765274
1327,Togo,TGO,1994,1.791083855,1.346684983
1328,Togo,TGO,1995,1.787219785,1.349436006
1329,Togo,TGO,1996,1.793353119,1.352443915
1330,Togo,TGO,1997,1.796564693,1.357071453
1331,Togo,TGO,1998,1.801675838,1.359128171
1332,Togo,TGO,1999,1.809933899,1.36309088
1333,Togo,TGO,2000,1.814689279,1.368348138
1334,Togo,TGO,2001,1.81723461,1.363720756
1335,Togo,TGO,2002,1.822246332,1.36218919
1336,Togo,TGO,2003,1.824932661,1.358170862
1337,Togo,TGO,2004,1.829172391,1.355533468
1338,Togo,TGO,2005,1.832877016,1.352733898
1339,Togo,TGO,2006,1.842813983,1.363872929
1340,Togo,TGO,2007,1.849703137,1.371872507
1341,Togo,TGO,2008,1.854423514,1.379062443
1342,Togo,TGO,2009,1.857495819,1.379546186
1343,Togo,TGO,2010,1.860796379,1.382587396
1344,Togo,TGO,2011,1.873674551,1.388096774
1345,Togo,TGO,2012,1.882112948,1.395759055
1346,Togo,TGO,2013,1.892837913,1.399666622
1347,Togo,TGO,2014,1.900645755,1.405069217
1348,Togo,TGO,2015,1.912834359,1.410796844
1349,Togo,TGO,2016,1.920117068,1.416621184
1350,Tunisia,TUN,1990,1.607633342,1.103665902
1351,Tunisia,TUN,1991,1.613310077,1.101510779
1352,Tunisia,TUN,1992,1.620562019,1.104211745
1353,Tunisia,TUN,1993,1.624038227,1.106241812
1354,Tunisia,TUN,1994,1.626010749,1.108611797
1355,Tunisia,TUN,1995,1.631426751,1.107000256
1356,Tunisia,TUN,1996,1.636773921,1.107539259
1357,Tunisia,TUN,1997,1.65327677,1.109705379
1358,Tunisia,TUN,1998,1.656170533,1.110132755
1359,Tunisia,TUN,1999,1.665300799,1.113208892
1360,Tunisia,TUN,2000,1.673502955,1.113215155
1361,Tunisia,TUN,2001,1.680914646,1.11335863
1362,Tunisia,TUN,2002,1.683509993,1.113323402
1363,Tunisia,TUN,2003,1.688700995,1.114162355
1364,Tunisia,TUN,2004,1.694164655,1.113134436
1365,Tunisia,TUN,2005,1.702189479,1.116021509
1366,Tunisia,TUN,2006,1.7116027,1.122368706
1367,Tunisia,TUN,2007,1.720441314,1.12710244
1368,Tunisia,TUN,2008,1.732035665,1.134161156
1369,Tunisia,TUN,2009,1.744192581,1.139713844
1370,Tunisia,TUN,2010,1.750899538,1.147630073
1371,Tunisia,TUN,2011,1.75664937,1.147263158
1372,Tunisia,TUN,2012,1.764833181,1.150753548
1373,Tunisia,TUN,2013,1.77138421,1.150248597
1374,Tunisia,TUN,2014,1.781719975,1.151130173
1375,Tunisia,TUN,2015,1.787151356,1.153395287
1376,Tunisia,TUN,2016,1.795515725,1.154598514
1377,Uganda,UGA,1990,1.865895646,1.592617758
1378,Uganda,UGA,1991,1.864159629,1.592547285
1379,Uganda,UGA,1992,1.863579501,1.589551942
1380,Uganda,UGA,1993,1.862811528,1.588859258
1381,Uganda,UGA,1994,1.86508055,1.587626976
1382,Uganda,UGA,1995,1.865002265,1.588456113
1383,Uganda,UGA,1996,1.869054252,1.581432811
1384,Uganda,UGA,1997,1.873139654,1.574663005
1385,Uganda,UGA,1998,1.879767758,1.568726884
1386,Uganda,UGA,1999,1.882598655,1.563200687
1387,Uganda,UGA,2000,1.888404866,1.556665394
1388,Uganda,UGA,2001,1.886355361,1.555173655
1389,Uganda,UGA,2002,1.886620954,1.556828215
1390,Uganda,UGA,2003,1.886240933,1.555351458
1391,Uganda,UGA,2004,1.883087432,1.557753409
1392,Uganda,UGA,2005,1.883079257,1.559864468
1393,Uganda,UGA,2006,1.876607765,1.558187392
1394,Uganda,UGA,2007,1.868893354,1.55740739
1395,Uganda,UGA,2008,1.86304908,1.554805001
1396,Uganda,UGA,2009,1.85419339,1.551846656
1397,Uganda,UGA,2010,1.849819755,1.552060855
1398,Uganda,UGA,2011,1.850822787,1.558803717
1399,Uganda,UGA,2012,1.854264433,1.562085402
1400,Uganda,UGA,2013,1.852266346,1.567700177
1401,Uganda,UGA,2014,1.85513118,1.574713486
1402,Uganda,UGA,2015,1.856837806,1.579740269
1403,Uganda,UGA,2016,1.856646195,1.586159184
1404,Zambia,ZMB,1990,2.612126554,1.377396122
1405,Zambia,ZMB,1991,2.627409716,1.383342674
1406,Zambia,ZMB,1992,2.637053511,1.38844976
1407,Zambia,ZMB,1993,2.650973899,1.394629494
1408,Zambia,ZMB,1994,2.66953959,1.399299746
1409,Zambia,ZMB,1995,2.681722127,1.406204903
1410,Zambia,ZMB,1996,2.698646864,1.406364603
1411,Zambia,ZMB,1997,2.719212879,1.405270844
1412,Zambia,ZMB,1998,2.735471457,1.406677186
1413,Zambia,ZMB,1999,2.756871884,1.403737688
1414,Zambia,ZMB,2000,2.776693606,1.405407385
1415,Zambia,ZMB,2001,2.788219349,1.404014179
1416,Zambia,ZMB,2002,2.799863656,1.404158785
1417,Zambia,ZMB,2003,2.812978145,1.402630286
1418,Zambia,ZMB,2004,2.826200764,1.399788629
1419,Zambia,ZMB,2005,2.836429339,1.400053896
1420,Zambia,ZMB,2006,2.847282643,1.395565927
1421,Zambia,ZMB,2007,2.856075568,1.389781472
1422,Zambia,ZMB,2008,2.869493738,1.386021117
1423,Zambia,ZMB,2009,2.879563463,1.384204771
1424,Zambia,ZMB,2010,2.888684845,1.380235918
1425,Zambia,ZMB,2011,2.89625318,1.378257876
1426,Zambia,ZMB,2012,2.89891988,1.37754204
1427,Zambia,ZMB,2013,2.909620934,1.380352159
1428,Zambia,ZMB,2014,2.911600992,1.378389234
1429,Zambia,ZMB,2015,2.919119627,1.379621839
1430,Zambia,ZMB,2016,2.924044127,1.37878542
1431,Zimbabwe,ZWE,1990,2.708817601,1.362693763
1432,Zimbabwe,ZWE,1991,2.71511747,1.361780527
1433,Zimbabwe,ZWE,1992,2.726324358,1.362829465
1434,Zimbabwe,ZWE,1993,2.735196663,1.362592105
1435,Zimbabwe,ZWE,1994,2.745714155,1.363220782
1436,Zimbabwe,ZWE,1995,2.754596638,1.365953609
1437,Zimbabwe,ZWE,1996,2.796786492,1.374379396
1438,Zimbabwe,ZWE,1997,2.836140117,1.382307177
1439,Zimbabwe,ZWE,1998,2.882276577,1.389715739
1440,Zimbabwe,ZWE,1999,2.921984202,1.396309962
1441,Zimbabwe,ZWE,2000,2.970070102,1.405285883
1442,Zimbabwe,ZWE,2001,2.992046681,1.410161009
1443,Zimbabwe,ZWE,2002,3.024252236,1.417308571
1444,Zimbabwe,ZWE,2003,3.053559839,1.419915011
1445,Zimbabwe,ZWE,2004,3.077133088,1.426371402
1446,Zimbabwe,ZWE,2005,3.109405302,1.432888633
1447,Zimbabwe,ZWE,2006,3.123164703,1.438785094
1448,Zimbabwe,ZWE,2007,3.134620741,1.44398202
1449,Zimbabwe,ZWE,2008,3.149414266,1.44900251
1450,Zimbabwe,ZWE,2009,3.165645367,1.455867059
1451,Zimbabwe,ZWE,2010,3.177151904,1.461078626
1452,Zimbabwe,ZWE,2011,3.182197729,1.46573553
1453,Zimbabwe,ZWE,2012,3.192242778,1.469346615
1454,Zimbabwe,ZWE,2013,3.199838213,1.475283112
1455,Zimbabwe,ZWE,2014,3.208104344,1.478511221
1456,Zimbabwe,ZWE,2015,3.2109519,1.484187415
1457,Zimbabwe,ZWE,2016,3.21766635,1.487726192
