Date,value,change,stock
1990,57.01031842,198.7823537,Algeria
1991,59.92553806,214.6341818,Algeria
1992,63.34670109,233.0776257,Algeria
1993,67.33999751,253.9574016,Algeria
1994,70.23013415,284.4349501,Algeria
1995,74.50871904,308.8222458,Algeria
1996,79.19712834,334.9166886,Algeria
1997,84.07057528,363.1136016,Algeria
1998,89.36239119,388.2276543,Algeria
1999,96.00250111,419.5846006,Algeria
2000,102.0617819,446.1621663,Algeria
2001,109.4605754,470.7188902,Algeria
2002,116.8587828,494.2784376,Algeria
2003,126.3316309,500.134452,Algeria
2004,133.9528782,518.8738441,Algeria
2005,141.4839221,537.0091657,Algeria
2006,148.8213298,554.2642847,Algeria
2007,155.8869579,571.3571746,Algeria
2008,162.8166617,587.3664523,Algeria
2009,169.831526,604.2115594,Algeria
2010,176.4255867,620.7969918,Algeria
2011,184.551892,641.915365,Algeria
2012,192.7553103,657.7937722,Algeria
2013,200.7451469,681.0903428,Algeria
2014,211.2635023,704.4637607,Algeria
2015,224.1274288,722.1561137,Algeria
2016,237.3445539,728.0484835,Algeria
2017,250.7157178,743.6663502,Algeria
1990,68.28865368,167.3518685,Angola
1991,70.47404051,175.0805432,Angola
1992,72.80047878,184.5272289,Angola
1993,75.59885165,197.2060814,Angola
1994,77.84062457,208.2611335,Angola
1995,78.19286524,212.2272713,Angola
1996,77.53216614,204.8734129,Angola
1997,77.52977492,207.3990423,Angola
1998,81.20674624,238.8560886,Angola
1999,78.20064122,228.1686704,Angola
2000,76.57566545,217.1493914,Angola
2001,74.90086716,208.0312635,Angola
2002,73.32274112,200.755607,Angola
2003,73.79928672,200.6393421,Angola
2004,75.79239006,204.7351804,Angola
2005,75.75518536,200.9839958,Angola
2006,77.87981208,203.2676625,Angola
2007,79.42946544,203.5404192,Angola
2008,81.93584548,205.9094394,Angola
2009,85.22079041,210.3204222,Angola
2010,88.51909246,215.103226,Angola
2011,92.70390556,221.9693325,Angola
2012,97.51862013,231.0065352,Angola
2013,101.8618667,238.4076919,Angola
2014,104.9726464,241.866301,Angola
2015,110.4305927,252.7177536,Angola
2016,115.9569968,260.9978955,Angola
2017,121.798388,273.6357333,Angola
1990,21.06034352,31.8728208,Benin
1991,21.98882703,33.95408936,Benin
1992,22.87555296,35.94871521,Benin
1993,23.86339948,38.12508326,Benin
1994,25.19895326,40.87582196,Benin
1995,26.54371559,43.4827577,Benin
1996,28.15749656,46.56352244,Benin
1997,29.4954532,49.51224861,Benin
1998,31.34247136,52.41114635,Benin
1999,32.760034,54.70584554,Benin
2000,33.49932481,57.96020095,Benin
2001,34.84076935,60.23710055,Benin
2002,36.18353766,62.69954996,Benin
2003,37.5207442,64.88717229,Benin
2004,38.75746175,67.17326952,Benin
2005,39.81667107,69.11109224,Benin
2006,41.25712096,71.63597455,Benin
2007,42.81922542,74.29685623,Benin
2008,44.50210644,77.24606531,Benin
2009,46.63621423,81.22638463,Benin
2010,48.80485494,85.66965268,Benin
2011,51.37578715,91.00419188,Benin
2012,54.04658586,96.25887061,Benin
2013,56.70210783,100.8947523,Benin
2014,59.26353761,105.0444604,Benin
2015,61.80263851,109.1833894,Benin
2016,64.57178814,113.3635514,Benin
2017,67.67421938,117.9869438,Benin
1990,13.30500063,19.67761928,Botswana
1991,13.61326117,20.77336017,Botswana
1992,13.91570695,21.85948313,Botswana
1993,14.15201732,22.79994842,Botswana
1994,14.32493047,23.65543288,Botswana
1995,14.3435974,24.24686716,Botswana
1996,14.09422509,24.29153172,Botswana
1997,13.89315152,24.30462411,Botswana
1998,13.81856898,24.4508981,Botswana
1999,13.65303221,24.03003611,Botswana
2000,13.27197294,23.74468072,Botswana
2001,13.30654851,23.57907489,Botswana
2002,13.50885977,23.87343009,Botswana
2003,13.710942,24.09486365,Botswana
2004,13.83346393,23.91696658,Botswana
2005,13.750372,23.131145,Botswana
2006,13.773052,22.51906834,Botswana
2007,13.32629305,20.79947405,Botswana
2008,13.86831111,21.50692423,Botswana
2009,14.27739299,22.1450622,Botswana
2010,14.55825655,22.79465715,Botswana
2011,14.92305049,23.84425406,Botswana
2012,15.18210938,24.55716664,Botswana
2013,15.69864068,25.54844554,Botswana
2014,16.28064879,26.66744648,Botswana
2015,16.94424368,27.65978697,Botswana
2016,17.4782877,28.26915712,Botswana
2017,18.0965324,29.13817569,Botswana
1990,56.66607632,58.86781537,Burkina Faso
1991,57.05471701,60.00246959,Burkina Faso
1992,58.10133273,61.77248749,Burkina Faso
1993,59.48667795,63.92882467,Burkina Faso
1994,60.90364629,66.23209061,Burkina Faso
1995,62.54067017,68.97115853,Burkina Faso
1996,63.33537468,71.46749951,Burkina Faso
1997,64.84684032,74.64897031,Burkina Faso
1998,66.73309502,78.1085173,Burkina Faso
1999,67.14269454,80.72421147,Burkina Faso
2000,68.13437082,83.933068,Burkina Faso
2001,69.13650645,87.46857983,Burkina Faso
2002,70.46020981,91.21496443,Burkina Faso
2003,72.57764494,95.27102777,Burkina Faso
2004,74.97116212,99.51297118,Burkina Faso
2005,77.32173076,103.6877831,Burkina Faso
2006,80.21129056,108.7840582,Burkina Faso
2007,82.98483913,113.8458132,Burkina Faso
2008,85.85717418,119.5762111,Burkina Faso
2009,88.90779449,125.94738,Burkina Faso
2010,94.22592656,135.3315512,Burkina Faso
2011,98.89137991,141.439481,Burkina Faso
2012,104.4855699,153.807018,Burkina Faso
2013,109.7088076,162.9605402,Burkina Faso
2014,114.6073323,172.666824,Burkina Faso
2015,118.9875764,182.7324195,Burkina Faso
2016,124.2824341,192.892171,Burkina Faso
2017,129.5024724,202.0488753,Burkina Faso
1990,39.87038327,48.99922136,Burundi
1991,40.35225158,50.54506356,Burundi
1992,40.63805379,49.5342618,Burundi
1993,41.53834652,51.88581442,Burundi
1994,41.82840296,54.81049423,Burundi
1995,42.24231299,55.62420986,Burundi
1996,42.30133384,55.64368323,Burundi
1997,41.93170661,55.63173878,Burundi
1998,41.38691893,55.55136938,Burundi
1999,39.683668,53.80597985,Burundi
2000,38.72580052,51.47668976,Burundi
2001,37.34179993,48.71177843,Burundi
2002,36.94960035,47.43904153,Burundi
2003,37.08311071,47.00389006,Burundi
2004,37.72272635,47.36383147,Burundi
2005,38.82288189,47.9462977,Burundi
2006,39.43490077,47.72786893,Burundi
2007,40.26068346,47.7048306,Burundi
2008,41.36783805,48.53717957,Burundi
2009,42.56028926,49.52644629,Burundi
2010,44.40982752,50.47109298,Burundi
2011,46.36012014,51.80700396,Burundi
2012,48.32452857,53.4697973,Burundi
2013,50.13282414,54.96234671,Burundi
2014,52.09461997,56.22402652,Burundi
2015,53.6315097,57.16159013,Burundi
2016,55.05386341,58.39092173,Burundi
2017,56.77796575,60.76239944,Burundi
1990,64.08905897,107.5778929,Cameroon
1991,67.65110183,116.7916839,Cameroon
1992,72.05527812,127.1094691,Cameroon
1993,77.13394863,138.9297279,Cameroon
1994,81.95467205,149.7566247,Cameroon
1995,87.36033135,161.7233262,Cameroon
1996,93.25421558,174.9383468,Cameroon
1997,99.2537387,190.0740068,Cameroon
1998,105.2445453,203.8822717,Cameroon
1999,110.4256055,217.0709717,Cameroon
2000,115.9051801,231.2184895,Cameroon
2001,120.8012682,241.9544969,Cameroon
2002,125.7338067,252.9738476,Cameroon
2003,131.3844141,265.1538135,Cameroon
2004,137.6464209,278.7090267,Cameroon
2005,145.0168751,294.4814073,Cameroon
2006,153.4070999,312.0520559,Cameroon
2007,161.9114231,330.055242,Cameroon
2008,170.3901923,347.9996737,Cameroon
2009,179.3571951,367.3983121,Cameroon
2010,188.4304605,385.6185163,Cameroon
2011,197.4751211,402.5077892,Cameroon
2012,207.5632654,419.8640955,Cameroon
2013,217.8375129,437.7914101,Cameroon
2014,228.0228439,455.2644514,Cameroon
2015,238.5188419,476.4451252,Cameroon
2016,250.2210634,501.8374678,Cameroon
2017,261.8698694,524.4631735,Cameroon
1990,1.856592166,2.900231897,Cape Verde
1991,1.909598047,3.13466216,Cape Verde
1992,1.946992388,3.380809423,Cape Verde
1993,2.007200968,3.717253462,Cape Verde
1994,2.081362564,4.099714343,Cape Verde
1995,2.164369032,4.481015058,Cape Verde
1996,2.283195124,4.960194646,Cape Verde
1997,2.351533448,5.417664513,Cape Verde
1998,2.383146075,5.839200169,Cape Verde
1999,2.371009318,6.265190738,Cape Verde
2000,2.321335703,6.681531658,Cape Verde
2001,2.372977974,7.088015006,Cape Verde
2002,2.430952779,7.562951008,Cape Verde
2003,2.493619695,8.052248663,Cape Verde
2004,2.567086133,8.581701027,Cape Verde
2005,2.653342877,9.1408558,Cape Verde
2006,2.792355029,9.745227167,Cape Verde
2007,2.904682139,10.39158325,Cape Verde
2008,3.099464074,10.93621659,Cape Verde
2009,3.339254137,11.50793345,Cape Verde
2010,3.626636385,12.14143632,Cape Verde
2011,3.955789753,12.80177522,Cape Verde
2012,4.190839989,13.03293412,Cape Verde
2013,4.557666667,13.56373714,Cape Verde
2014,4.929483437,14.06852465,Cape Verde
2015,5.314400738,14.58190182,Cape Verde
2016,5.827893043,14.98508956,Cape Verde
2017,6.243385877,15.42111125,Cape Verde
1990,24.13513077,50.50470565,Central African Republic
1991,24.65344803,54.2241174,Central African Republic
1992,24.89661139,56.52003353,Central African Republic
1993,25.43188693,60.42013446,Central African Republic
1994,25.79799483,62.34454048,Central African Republic
1995,26.03637931,62.98514538,Central African Republic
1996,26.46038947,66.65110653,Central African Republic
1997,26.48427632,67.17174541,Central African Republic
1998,26.72554761,70.41691424,Central African Republic
1999,26.30829187,70.87978704,Central African Republic
2000,25.29058091,66.39169463,Central African Republic
2001,24.68031028,64.22426959,Central African Republic
2002,24.37746557,63.84933491,Central African Republic
2003,24.15124849,62.53400661,Central African Republic
2004,24.04077867,61.42936013,Central African Republic
2005,24.18296777,61.21125097,Central African Republic
2006,24.53899108,61.42736385,Central African Republic
2007,24.81254667,60.32999823,Central African Republic
2008,25.22445431,59.56751838,Central African Republic
2009,25.90085585,60.73128721,Central African Republic
2010,26.81846413,63.83842011,Central African Republic
2011,27.6704585,66.06359482,Central African Republic
2012,28.36152215,66.11337814,Central African Republic
2013,29.19048794,66.68893928,Central African Republic
2014,29.85841412,65.90451887,Central African Republic
2015,30.63819317,66.65819778,Central African Republic
2016,31.44402904,67.8061294,Central African Republic
2017,32.2952929,69.25149764,Central African Republic
1990,20.60612467,27.64014287,Chad
1991,20.70612562,27.53173048,Chad
1992,21.39092437,29.36638252,Chad
1993,22.43131054,31.75345943,Chad
1994,23.44205111,32.63179835,Chad
1995,24.60138438,33.81306959,Chad
1996,27.20385721,37.86619202,Chad
1997,29.40981445,41.2525378,Chad
1998,31.2404542,44.42731209,Chad
1999,32.91389535,47.63162467,Chad
2000,33.9816749,50.20236285,Chad
2001,35.33396412,52.30875465,Chad
2002,36.50590652,53.67868306,Chad
2003,37.87447058,56.66307712,Chad
2004,38.75687295,57.86157993,Chad
2005,39.54347564,59.5429302,Chad
2006,40.50428693,60.88861353,Chad
2007,42.0867519,64.11535964,Chad
2008,43.63648651,66.73677789,Chad
2009,45.20180306,69.35632029,Chad
2010,47.2348344,73.78916304,Chad
2011,49.4042877,77.29315108,Chad
2012,51.64081489,80.71420752,Chad
2013,53.61379225,83.52655698,Chad
2014,55.92698848,87.47234045,Chad
2015,58.11712789,91.9301564,Chad
2016,60.49078348,96.77395536,Chad
2017,62.85735111,101.2664653,Chad
1990,1.995536882,2.689704584,Comoros
1991,2.046700352,2.774778905,Comoros
1992,2.089571719,2.872982092,Comoros
1993,2.137765551,2.973935273,Comoros
1994,2.188690099,3.071748558,Comoros
1995,2.240762523,3.148749162,Comoros
1996,2.259926055,3.23841502,Comoros
1997,2.305399896,3.311060054,Comoros
1998,2.313037948,3.336082679,Comoros
1999,2.265362826,3.279054692,Comoros
2000,2.212256767,3.286324119,Comoros
2001,2.185056182,3.261339278,Comoros
2002,2.192037069,3.309933212,Comoros
2003,2.194836344,3.343812482,Comoros
2004,2.233879166,3.412336287,Comoros
2005,2.286044458,3.507933918,Comoros
2006,2.36555158,3.648408883,Comoros
2007,2.453538977,3.785618167,Comoros
2008,2.558299244,3.933973722,Comoros
2009,2.654053499,4.06813893,Comoros
2010,2.742425412,4.20835321,Comoros
2011,2.873689446,4.378866152,Comoros
2012,2.991484192,4.529674706,Comoros
2013,3.114523429,4.637125473,Comoros
2014,3.248202571,4.759533812,Comoros
2015,3.385954632,4.89095105,Comoros
2016,3.542665669,5.040308583,Comoros
2017,3.686865315,5.179795046,Comoros
1990,22.81499276,65.67353669,Congo
1991,22.94225867,67.52963644,Congo
1992,23.68627726,70.50947873,Congo
1993,24.25678334,73.88978602,Congo
1994,25.44480139,82.45419763,Congo
1995,26.09314237,86.76289461,Congo
1996,26.87861504,91.67734861,Congo
1997,27.53594122,98.62278688,Congo
1998,27.12816464,93.51629944,Congo
1999,26.62898233,92.73746375,Congo
2000,24.61190381,85.80308017,Congo
2001,23.7629673,76.72157606,Congo
2002,23.081235,71.39464217,Congo
2003,23.50318367,72.74844092,Congo
2004,23.66738186,72.02767815,Congo
2005,23.90377944,72.09558062,Congo
2006,24.3949774,72.35839384,Congo
2007,25.15088031,73.46022863,Congo
2008,26.08449148,74.77613357,Congo
2009,26.87503354,75.55976422,Congo
2010,27.75124983,76.03096868,Congo
2011,29.18223889,76.29880196,Congo
2012,30.88814628,79.95547719,Congo
2013,32.75690186,82.58346796,Congo
2014,34.65776659,85.43033485,Congo
2015,36.65017411,88.00514436,Congo
2016,38.89423329,91.14495236,Congo
2017,41.29983435,94.66673933,Congo
1990,61.26381281,104.7689062,Cote d'Ivoire
1991,65.106102,113.0329356,Cote d'Ivoire
1992,69.99077364,122.5735901,Cote d'Ivoire
1993,75.56307224,135.1607337,Cote d'Ivoire
1994,81.3227349,147.7237597,Cote d'Ivoire
1995,87.40951257,159.9317801,Cote d'Ivoire
1996,92.78634589,171.8221011,Cote d'Ivoire
1997,97.4580995,182.8123934,Cote d'Ivoire
1998,102.3463157,195.3717728,Cote d'Ivoire
1999,107.1648499,204.8168547,Cote d'Ivoire
2000,111.4348483,213.4979727,Cote d'Ivoire
2001,113.9302459,220.7766829,Cote d'Ivoire
2002,116.5776157,228.3153869,Cote d'Ivoire
2003,120.0680309,237.3509052,Cote d'Ivoire
2004,124.6170889,246.4375094,Cote d'Ivoire
2005,128.4602664,254.3082937,Cote d'Ivoire
2006,132.3840408,262.5228335,Cote d'Ivoire
2007,135.7136635,268.1910982,Cote d'Ivoire
2008,138.6571021,271.7615417,Cote d'Ivoire
2009,142.49714,276.2227437,Cote d'Ivoire
2010,147.7287265,283.0371869,Cote d'Ivoire
2011,152.6913031,291.0300571,Cote d'Ivoire
2012,159.430232,301.4763593,Cote d'Ivoire
2013,166.3784622,312.0962235,Cote d'Ivoire
2014,172.8384301,322.7599752,Cote d'Ivoire
2015,178.8578647,332.262663,Cote d'Ivoire
2016,185.1027517,339.6047739,Cote d'Ivoire
2017,191.8144817,346.7359556,Cote d'Ivoire
1990,236.3729087,563.3198428,Democratic Republic of Congo
1991,241.6006638,601.0558011,Democratic Republic of Congo
1992,245.2227035,628.1286843,Democratic Republic of Congo
1993,246.3346508,643.739073,Democratic Republic of Congo
1994,249.9361934,657.1445107,Democratic Republic of Congo
1995,255.2684329,688.6012265,Democratic Republic of Congo
1996,262.6197528,722.2732047,Democratic Republic of Congo
1997,258.94562,713.0018824,Democratic Republic of Congo
1998,260.9847993,734.1726172,Democratic Republic of Congo
1999,255.8926254,724.7306467,Democratic Republic of Congo
2000,239.7758614,702.8852449,Democratic Republic of Congo
2001,237.1879351,670.368427,Democratic Republic of Congo
2002,233.4615601,642.7683512,Democratic Republic of Congo
2003,238.0164687,639.7277737,Democratic Republic of Congo
2004,238.0543873,618.4893345,Democratic Republic of Congo
2005,239.6042654,608.2887687,Democratic Republic of Congo
2006,244.7963982,608.0019876,Democratic Republic of Congo
2007,250.9647619,608.4301831,Democratic Republic of Congo
2008,261.3636943,620.0846702,Democratic Republic of Congo
2009,271.3822675,631.876113,Democratic Republic of Congo
2010,284.4863579,650.9377384,Democratic Republic of Congo
2011,299.6079395,673.448815,Democratic Republic of Congo
2012,315.5474677,693.2506753,Democratic Republic of Congo
2013,331.4986243,713.199133,Democratic Republic of Congo
2014,348.3708806,738.8257145,Democratic Republic of Congo
2015,366.2591726,767.8678211,Democratic Republic of Congo
2016,383.6168933,795.0005735,Democratic Republic of Congo
2017,402.3979683,826.8544891,Democratic Republic of Congo
1990,1.869564639,3.230471027,Djibouti
1991,1.986268025,3.381424173,Djibouti
1992,2.118314542,3.532622538,Djibouti
1993,2.25794185,3.826317011,Djibouti
1994,2.401916259,4.163769835,Djibouti
1995,2.564107139,4.406448407,Djibouti
1996,2.719742582,4.637609367,Djibouti
1997,2.88055081,4.947630476,Djibouti
1998,3.0200562,5.248128951,Djibouti
1999,3.155158921,5.339528978,Djibouti
2000,3.118260621,5.52534461,Djibouti
2001,3.215300904,5.588102386,Djibouti
2002,3.348427976,5.744732674,Djibouti
2003,3.493723038,5.927192641,Djibouti
2004,3.662822839,6.105403865,Djibouti
2005,3.780892328,6.276190263,Djibouti
2006,3.947157448,6.467582366,Djibouti
2007,4.128304152,6.71178117,Djibouti
2008,4.318224159,6.978194222,Djibouti
2009,4.556428889,7.280872679,Djibouti
2010,4.760446637,7.648414297,Djibouti
2011,5.019238592,7.982035791,Djibouti
2012,5.301132302,8.319541705,Djibouti
2013,5.595789801,8.677165137,Djibouti
2014,5.911470628,9.051437913,Djibouti
2015,6.311344888,9.487425358,Djibouti
2016,6.628687968,9.935947559,Djibouti
2017,6.929141203,10.34400873,Djibouti
1990,27.39758757,76.56899901,Egypt
1991,28.22691431,77.73052824,Egypt
1992,28.70220257,78.47605076,Egypt
1993,30.09654529,84.59517529,Egypt
1994,31.47631298,90.0551359,Egypt
1995,32.11480805,92.71425554,Egypt
1996,33.37718684,98.50543347,Egypt
1997,34.81833244,104.3507088,Egypt
1998,35.8684996,106.31921,Egypt
1999,37.40280108,110.5358364,Egypt
2000,38.51591847,112.9317882,Egypt
2001,41.78264809,125.4165924,Egypt
2002,44.67264495,134.907115,Egypt
2003,47.19143891,144.1848326,Egypt
2004,48.86838844,150.9195877,Egypt
2005,50.46426409,155.9683333,Egypt
2006,52.51054912,162.6242595,Egypt
2007,52.92373287,163.3866107,Egypt
2008,54.74308822,167.3966892,Egypt
2009,56.98692295,172.91602,Egypt
2010,58.62406529,175.8649478,Egypt
2011,60.44593005,178.3362776,Egypt
2012,62.32904694,182.364043,Egypt
2013,63.65332593,183.7366625,Egypt
2014,66.01224695,189.2725236,Egypt
2015,70.23349946,200.8807204,Egypt
2016,73.98214046,211.9159163,Egypt
2017,77.4485042,221.0804948,Egypt
1990,4.138399497,9.352218225,Equatorial Guinea
1991,4.153213712,9.650331613,Equatorial Guinea
1992,4.139942127,9.813561474,Equatorial Guinea
1993,4.153743326,10.10213008,Equatorial Guinea
1994,4.168039133,10.25260521,Equatorial Guinea
1995,4.215443665,10.77649328,Equatorial Guinea
1996,4.214151963,11.09611544,Equatorial Guinea
1997,4.005024753,10.68959611,Equatorial Guinea
1998,3.858195821,10.56928823,Equatorial Guinea
1999,3.608732723,10.32743804,Equatorial Guinea
2000,3.287216969,9.69541815,Equatorial Guinea
2001,3.16524194,8.92741368,Equatorial Guinea
2002,3.028877015,8.232710882,Equatorial Guinea
2003,3.02586102,8.156626537,Equatorial Guinea
2004,2.955773364,7.866147426,Equatorial Guinea
2005,2.984498502,8.029400292,Equatorial Guinea
2006,3.148828436,8.633487023,Equatorial Guinea
2007,3.219598489,8.855022271,Equatorial Guinea
2008,3.300526509,9.073830821,Equatorial Guinea
2009,3.445037365,9.676664708,Equatorial Guinea
2010,3.550130601,10.03907779,Equatorial Guinea
2011,3.642775248,10.27509321,Equatorial Guinea
2012,3.832940853,10.8819615,Equatorial Guinea
2013,4.032006831,11.40418482,Equatorial Guinea
2014,4.332233715,12.60066942,Equatorial Guinea
2015,4.596495781,13.36165097,Equatorial Guinea
2016,4.893551845,14.41563323,Equatorial Guinea
2017,5.174465215,15.56118725,Equatorial Guinea
1990,21.81060199,30.30046378,Eritrea
1991,19.38420988,27.98515745,Eritrea
1992,21.20882156,31.66994393,Eritrea
1993,23.77681692,36.75781576,Eritrea
1994,26.42703687,42.74316833,Eritrea
1995,29.52800277,50.924496,Eritrea
1996,30.33653591,53.73164617,Eritrea
1997,31.04910117,56.1107928,Eritrea
1998,31.71548529,57.69748194,Eritrea
1999,31.26249798,56.85556901,Eritrea
2000,31.98503601,55.81433714,Eritrea
2001,32.75273368,57.91669378,Eritrea
2002,34.82874777,62.40566799,Eritrea
2003,36.99066146,67.21247623,Eritrea
2004,37.11870342,68.49193604,Eritrea
2005,37.40948944,70.03924055,Eritrea
2006,37.48495745,71.39191102,Eritrea
2007,37.90395837,73.32157283,Eritrea
2008,38.39321408,75.16483732,Eritrea
2009,38.76084027,76.59884666,Eritrea
2010,39.33163487,77.97438221,Eritrea
2011,39.58746435,79.07127817,Eritrea
2012,39.85624842,80.24474657,Eritrea
2013,40.00116101,81.29830433,Eritrea
2014,40.29797764,82.45577854,Eritrea
2015,41.1191431,83.86496135,Eritrea
2016,41.99146573,85.80680405,Eritrea
2017,43.08642269,88.08531874,Eritrea
1990,7.880572396,13.28146975,Eswatini
1991,8.213981384,14.03659476,Eswatini
1992,8.518785522,14.65968177,Eswatini
1993,8.869250324,15.37457342,Eswatini
1994,9.501385063,16.8131994,Eswatini
1995,10.33843846,18.81238299,Eswatini
1996,11.20167208,21.47344393,Eswatini
1997,11.8318448,23.46086016,Eswatini
1998,12.61245298,26.45164527,Eswatini
1999,13.00938313,28.22010605,Eswatini
2000,13.33307868,29.97798294,Eswatini
2001,13.61011492,31.27834951,Eswatini
2002,13.77929758,32.29578403,Eswatini
2003,13.81399122,32.8608029,Eswatini
2004,13.7742672,32.98701713,Eswatini
2005,13.7074281,32.96696895,Eswatini
2006,13.53215356,32.44704002,Eswatini
2007,13.39893165,32.19330378,Eswatini
2008,13.38903318,32.44335222,Eswatini
2009,13.37786627,32.76365531,Eswatini
2010,13.2455747,32.66509062,Eswatini
2011,13.04261059,32.26351524,Eswatini
2012,13.01580086,32.29041201,Eswatini
2013,12.95869793,32.16362696,Eswatini
2014,12.74788405,31.37655474,Eswatini
2015,12.47933937,30.36375488,Eswatini
2016,12.29951505,29.50818271,Eswatini
2017,12.11198435,28.61401406,Eswatini
1990,272.4641943,316.6319604,Ethiopia
1991,279.4785351,332.4021924,Ethiopia
1992,286.8671958,345.3057666,Ethiopia
1993,292.2408383,357.9193055,Ethiopia
1994,295.8492434,368.4651031,Ethiopia
1995,299.1811574,376.9942756,Ethiopia
1996,299.5981552,379.3980948,Ethiopia
1997,301.3570518,383.9847418,Ethiopia
1998,298.5308453,378.4129778,Ethiopia
1999,294.1175416,367.2793099,Ethiopia
2000,290.321919,357.5523089,Ethiopia
2001,288.0361772,351.1059501,Ethiopia
2002,286.170918,345.2031496,Ethiopia
2003,286.3835726,343.3956117,Ethiopia
2004,287.8537691,344.4269251,Ethiopia
2005,288.476892,345.8708448,Ethiopia
2006,292.0252194,357.7313881,Ethiopia
2007,292.6427705,362.6406325,Ethiopia
2008,296.6186149,376.1265487,Ethiopia
2009,298.4767439,376.6090596,Ethiopia
2010,303.1241296,386.6211204,Ethiopia
2011,306.2597224,390.4586871,Ethiopia
2012,312.3004693,404.9093579,Ethiopia
2013,319.5376576,417.4611713,Ethiopia
2014,326.8978835,429.9090577,Ethiopia
2015,334.6896694,442.9439231,Ethiopia
2016,348.6506427,457.1813279,Ethiopia
2017,362.9430201,471.6338595,Ethiopia
1990,10.58560784,21.82773038,Gabon
1991,10.67560909,23.1888618,Gabon
1992,10.82241954,24.64159892,Gabon
1993,10.88590038,25.11663085,Gabon
1994,11.17296412,26.6989551,Gabon
1995,11.58324355,29.44969424,Gabon
1996,11.78735093,30.61164693,Gabon
1997,11.82834407,31.63797186,Gabon
1998,11.89864155,32.23903131,Gabon
1999,11.3000145,30.96577446,Gabon
2000,10.70956506,30.69016535,Gabon
2001,10.98275928,29.8293322,Gabon
2002,11.05038917,28.4880061,Gabon
2003,11.34267921,27.99797116,Gabon
2004,11.57044657,27.19852204,Gabon
2005,11.81480286,26.90163079,Gabon
2006,12.14157,27.06562921,Gabon
2007,12.41743081,27.43870236,Gabon
2008,12.82903921,27.90847753,Gabon
2009,13.19466262,28.11456956,Gabon
2010,13.46751389,27.60673563,Gabon
2011,13.9971095,28.00814309,Gabon
2012,14.56150797,28.50112254,Gabon
2013,15.10437226,28.73566515,Gabon
2014,15.81065347,29.47660909,Gabon
2015,16.60502563,30.26775359,Gabon
2016,17.271108,30.7847455,Gabon
2017,17.90962094,31.25109189,Gabon
1990,3.481091151,5.571431863,Gambia
1991,3.65548996,5.875185358,Gambia
1992,3.839058815,6.188421961,Gambia
1993,4.036350437,6.502666477,Gambia
1994,4.285968366,6.893363216,Gambia
1995,4.56411228,7.313417798,Gambia
1996,4.902798698,7.783883729,Gambia
1997,5.255937672,8.24934137,Gambia
1998,5.613622705,8.697396304,Gambia
1999,5.938208909,9.106595512,Gambia
2000,6.242825084,9.546245771,Gambia
2001,6.568762864,10.20395327,Gambia
2002,6.887066736,10.84464377,Gambia
2003,7.20274229,11.44568207,Gambia
2004,7.536063198,12.2272361,Gambia
2005,7.84065388,12.96141513,Gambia
2006,8.105366893,13.69495219,Gambia
2007,8.374332662,14.43065544,Gambia
2008,8.615676151,15.13115302,Gambia
2009,8.88608558,15.90420023,Gambia
2010,9.174096845,16.73419025,Gambia
2011,9.506550685,17.738923,Gambia
2012,9.895278032,18.87933477,Gambia
2013,10.32337335,20.04898342,Gambia
2014,10.78049192,21.21533612,Gambia
2015,11.27429806,22.35390959,Gambia
2016,11.79164475,23.50654244,Gambia
2017,12.28902363,24.60925198,Gambia
1990,64.0683995,108.8136376,Ghana
1991,66.8008657,112.8553185,Ghana
1992,69.85965863,117.7080015,Ghana
1993,72.10031632,121.6326545,Ghana
1994,75.48339961,127.1798969,Ghana
1995,79.54258123,133.4925666,Ghana
1996,81.73367258,138.2081673,Ghana
1997,85.61565449,145.9502866,Ghana
1998,87.46249065,149.6208862,Ghana
1999,90.69445708,154.9543291,Ghana
2000,94.04345069,158.598248,Ghana
2001,102.7743752,174.406845,Ghana
2002,112.8592884,191.9490659,Ghana
2003,125.3945644,213.7026296,Ghana
2004,140.8995467,240.219449,Ghana
2005,156.9024391,270.113272,Ghana
2006,174.8656898,304.5097148,Ghana
2007,195.0905911,342.9648261,Ghana
2008,199.1559333,343.1440183,Ghana
2009,208.3683852,357.3541724,Ghana
2010,217.4925205,370.7845414,Ghana
2011,224.2569624,384.8216618,Ghana
2012,231.8072275,399.46289,Ghana
2013,243.8849173,423.7409413,Ghana
2014,256.5439768,450.4817801,Ghana
2015,268.6224096,478.432674,Ghana
2016,281.0409303,507.0846331,Ghana
2017,289.5937914,523.6748323,Ghana
1990,26.7459339,31.19367868,Guinea
1991,27.61419835,33.1115993,Guinea
1992,28.59595223,34.74900713,Guinea
1993,29.55960474,36.32220263,Guinea
1994,30.77235586,38.5916372,Guinea
1995,31.87759178,40.81576761,Guinea
1996,33.25755665,42.5130939,Guinea
1997,34.87466335,44.79938387,Guinea
1998,36.7981824,48.25460331,Guinea
1999,38.37386198,50.43749406,Guinea
2000,39.24567069,50.18678749,Guinea
2001,40.27354506,51.96597385,Guinea
2002,41.4336234,54.3409131,Guinea
2003,42.37023835,56.04692926,Guinea
2004,43.34969956,57.92516058,Guinea
2005,44.32193107,59.34792878,Guinea
2006,47.09831038,64.30274678,Guinea
2007,49.6226606,68.0786626,Guinea
2008,51.91058727,71.66525681,Guinea
2009,54.39066621,75.9642326,Guinea
2010,56.99297676,80.79849171,Guinea
2011,59.25386248,85.10550049,Guinea
2012,61.77250752,88.8768963,Guinea
2013,64.32548011,93.15404161,Guinea
2014,67.25376448,98.65674356,Guinea
2015,69.30927249,103.207733,Guinea
2016,71.05739203,106.9063726,Guinea
2017,72.72201301,111.2024985,Guinea
1990,5.470337585,8.971740049,Guinea-Bissau
1991,5.542451453,9.286010163,Guinea-Bissau
1992,5.636308232,9.641895635,Guinea-Bissau
1993,5.742311529,10.01915425,Guinea-Bissau
1994,5.859984802,10.40095737,Guinea-Bissau
1995,5.999470512,10.79360363,Guinea-Bissau
1996,6.176687514,11.21096609,Guinea-Bissau
1997,6.359030139,11.60932299,Guinea-Bissau
1998,6.569989542,12.08419934,Guinea-Bissau
1999,6.685015068,12.52448994,Guinea-Bissau
2000,6.689232572,12.93320256,Guinea-Bissau
2001,6.842679296,13.32451636,Guinea-Bissau
2002,7.016445829,13.76407918,Guinea-Bissau
2003,7.193236766,14.20567565,Guinea-Bissau
2004,7.469309491,14.95145549,Guinea-Bissau
2005,7.622313331,15.38163714,Guinea-Bissau
2006,7.887318903,16.02122001,Guinea-Bissau
2007,8.168533897,16.77841923,Guinea-Bissau
2008,8.419417402,17.4263389,Guinea-Bissau
2009,8.70933054,18.24838248,Guinea-Bissau
2010,8.979549901,19.07164226,Guinea-Bissau
2011,9.291174608,19.94209362,Guinea-Bissau
2012,9.616910538,20.84320187,Guinea-Bissau
2013,9.952228612,21.86602561,Guinea-Bissau
2014,10.28035419,22.84636507,Guinea-Bissau
2015,10.62290598,23.87534815,Guinea-Bissau
2016,10.94564081,24.92696451,Guinea-Bissau
2017,11.23924138,25.89425557,Guinea-Bissau
1990,75.83443153,84.30239414,Kenya
1991,80.06622211,89.95842682,Kenya
1992,84.95407329,96.47149196,Kenya
1993,90.17290028,103.1102186,Kenya
1994,95.50387217,110.0944848,Kenya
1995,101.2010448,117.9737798,Kenya
1996,107.4107629,126.9951246,Kenya
1997,113.6293968,136.1798144,Kenya
1998,121.0724281,146.4733459,Kenya
1999,126.7691955,154.5930524,Kenya
2000,133.4739401,165.8462718,Kenya
2001,139.311291,173.6860372,Kenya
2002,147.0451645,185.787381,Kenya
2003,154.8938832,197.7588706,Kenya
2004,160.7556394,208.8897085,Kenya
2005,166.1621993,217.8556847,Kenya
2006,172.2570917,227.4491174,Kenya
2007,178.807736,235.7498738,Kenya
2008,184.031538,242.0308856,Kenya
2009,189.603756,249.0961106,Kenya
2010,197.3336903,258.8104569,Kenya
2011,206.974494,268.7623614,Kenya
2012,215.0576467,275.7560641,Kenya
2013,222.2639375,281.2120601,Kenya
2014,229.9698385,287.5588287,Kenya
2015,238.3580505,295.5736934,Kenya
2016,248.9228979,306.9171977,Kenya
2017,258.680433,316.2026377,Kenya
1990,22.71918143,24.49557763,Lesotho
1991,22.62339885,24.53261224,Lesotho
1992,22.82258414,25.0674657,Lesotho
1993,22.99239451,25.66187961,Lesotho
1994,23.57218,26.96496458,Lesotho
1995,23.97924294,28.17317001,Lesotho
1996,24.44694872,29.64830535,Lesotho
1997,25.34125019,31.83170367,Lesotho
1998,26.46605512,34.50001468,Lesotho
1999,26.76955418,36.17588198,Lesotho
2000,26.8659436,37.67043008,Lesotho
2001,26.74609152,37.92943281,Lesotho
2002,26.91672678,39.16391317,Lesotho
2003,26.9980619,40.15717627,Lesotho
2004,26.9462183,41.05551292,Lesotho
2005,26.76266,41.51044339,Lesotho
2006,26.60112606,41.79357856,Lesotho
2007,26.37675618,41.83577771,Lesotho
2008,26.36182431,42.34898069,Lesotho
2009,25.95505098,41.94127499,Lesotho
2010,25.77709718,42.07846996,Lesotho
2011,25.67148626,42.30061318,Lesotho
2012,25.81042765,43.11347055,Lesotho
2013,25.9331187,44.0068578,Lesotho
2014,25.96686787,44.7126016,Lesotho
2015,25.96062563,45.15166043,Lesotho
2016,25.45620931,44.3694748,Lesotho
2017,24.89782766,43.47096342,Lesotho
1990,12.1671718,15.60246224,Liberia
1991,12.42811093,16.72893066,Liberia
1992,12.62533158,17.69351813,Liberia
1993,12.7554036,17.60382382,Liberia
1994,12.9295071,17.95122824,Liberia
1995,12.73794175,16.53557679,Liberia
1996,13.42120896,20.07298252,Liberia
1997,13.57794419,21.41144461,Liberia
1998,13.7860021,22.44124885,Liberia
1999,13.76223822,23.58060064,Liberia
2000,13.69080184,24.59308249,Liberia
2001,13.86547716,24.98827665,Liberia
2002,14.21661655,25.42649984,Liberia
2003,14.50113453,25.42237645,Liberia
2004,14.78621582,26.00229717,Liberia
2005,15.07450473,26.79999848,Liberia
2006,15.72907266,28.60772787,Liberia
2007,16.43678681,30.52817051,Liberia
2008,17.13189769,32.03090097,Liberia
2009,18.11294879,34.08256297,Liberia
2010,19.15989794,37.4252091,Liberia
2011,20.0881564,39.90668351,Liberia
2012,21.3072067,42.18096651,Liberia
2013,22.50792199,44.37516654,Liberia
2014,23.33235721,45.55083252,Liberia
2015,24.29814533,47.43361612,Liberia
2016,25.39306521,49.38110633,Liberia
2017,26.75734481,51.07383594,Liberia
1990,24.23769043,63.98975803,Libya
1991,25.65403613,67.99498353,Libya
1992,27.31686171,73.09128629,Libya
1993,29.14204639,79.01138808,Libya
1994,30.92123567,85.47579553,Libya
1995,32.72292035,92.30577853,Libya
1996,33.96461021,98.1140505,Libya
1997,36.90879574,110.523644,Libya
1998,39.34363395,122.1994875,Libya
1999,41.27848201,134.588494,Libya
2000,42.08493411,147.595235,Libya
2001,42.96438181,159.6732685,Libya
2002,44.120741,168.0311363,Libya
2003,45.29701633,174.3640422,Libya
2004,46.66370098,189.1017668,Libya
2005,47.93742995,201.3290931,Libya
2006,48.71398365,209.8906867,Libya
2007,51.3488201,227.4132348,Libya
2008,54.26444219,270.9825486,Libya
2009,57.87818786,314.0175344,Libya
2010,59.29238971,348.5822989,Libya
2011,61.1061029,394.0517908,Libya
2012,63.197775,421.0390521,Libya
2013,69.00025452,417.7440905,Libya
2014,74.66955301,432.2278635,Libya
2015,79.73410538,452.6019925,Libya
2016,88.13362393,444.2449533,Libya
2017,95.49399919,459.2690681,Libya
1990,54.66726172,84.41096232,Madagascar
1991,54.87252856,86.79639297,Madagascar
1992,55.0538987,88.94537713,Madagascar
1993,57.68497899,95.97409736,Madagascar
1994,55.86285246,95.00827962,Madagascar
1995,55.89520423,96.89394199,Madagascar
1996,57.57070043,100.1374611,Madagascar
1997,58.97120288,101.6397243,Madagascar
1998,61.64842835,103.9015996,Madagascar
1999,62.45519939,101.3421782,Madagascar
2000,61.96943726,100.9283546,Madagascar
2001,62.23678472,100.7601246,Madagascar
2002,67.37259087,97.03296102,Madagascar
2003,69.56422609,99.78870939,Madagascar
2004,70.22625543,100.3416446,Madagascar
2005,70.65437864,100.0889203,Madagascar
2006,72.11900605,101.060965,Madagascar
2007,73.75963114,102.2063024,Madagascar
2008,77.09367595,105.6843216,Madagascar
2009,80.70385152,109.9666218,Madagascar
2010,84.34517172,113.8946239,Madagascar
2011,88.14355246,117.789247,Madagascar
2012,92.06179502,121.1091699,Madagascar
2013,96.13401056,124.6552792,Madagascar
2014,100.8475132,129.0751878,Madagascar
2015,105.8210106,134.1639999,Madagascar
2016,110.3955879,139.0660234,Madagascar
2017,114.8110238,143.7838399,Madagascar
1990,44.97215305,45.56210678,Malawi
1991,47.29130943,49.28596443,Malawi
1992,50.93113511,55.40348481,Malawi
1993,54.64950542,61.08662913,Malawi
1994,58.86014205,65.27824458,Malawi
1995,62.85485475,70.31490268,Malawi
1996,64.89702108,74.69266424,Malawi
1997,66.52816946,77.93885422,Malawi
1998,67.95222242,80.99701235,Malawi
1999,67.44059801,80.87146166,Malawi
2000,67.44099474,81.31843407,Malawi
2001,67.28717793,80.64190297,Malawi
2002,67.72063882,80.99091834,Malawi
2003,68.41100902,82.2708552,Malawi
2004,69.83444141,85.00392261,Malawi
2005,70.73545521,86.81327701,Malawi
2006,71.76826481,88.71179194,Malawi
2007,72.9604907,90.86773463,Malawi
2008,74.35371281,93.36847087,Malawi
2009,76.17622933,96.930311,Malawi
2010,78.86285875,102.6533334,Malawi
2011,81.17962651,106.8281464,Malawi
2012,83.0847896,110.0765055,Malawi
2013,84.94781867,112.7954309,Malawi
2014,87.00230882,116.4494067,Malawi
2015,89.63530085,121.6994791,Malawi
2016,92.58206395,127.5225962,Malawi
2017,94.80933354,132.1864861,Malawi
1990,32.1838042,41.55243379,Mali
1991,32.06946743,41.54303119,Mali
1992,32.39823609,42.18513106,Mali
1993,32.6968979,42.48878123,Mali
1994,33.20836406,43.60053735,Mali
1995,33.89934562,45.10238045,Mali
1996,34.57522479,46.42778984,Mali
1997,35.09914933,47.17303769,Mali
1998,35.73325427,47.98708743,Mali
1999,36.17640668,48.64740245,Mali
2000,36.64963028,49.71305951,Mali
2001,37.25298781,50.4058532,Mali
2002,38.19250802,51.84748901,Mali
2003,38.95739443,52.90486351,Mali
2004,40.13686548,54.43224912,Mali
2005,41.27576158,55.94278887,Mali
2006,42.80995171,58.23346252,Mali
2007,44.65596969,61.18660101,Mali
2008,46.41891121,63.87469016,Mali
2009,48.3881854,67.057457,Mali
2010,50.5222677,70.25118505,Mali
2011,52.31848095,72.14279775,Mali
2012,54.4652105,73.95602014,Mali
2013,56.92868609,76.61460721,Mali
2014,59.44067193,80.10181204,Mali
2015,62.01761382,84.62095407,Mali
2016,64.95783643,89.98308674,Mali
2017,67.44111824,94.01148928,Mali
1990,8.890872461,13.54565309,Mauritania
1991,8.946789051,13.9439405,Mauritania
1992,9.108256268,14.46778007,Mauritania
1993,9.284831439,14.99361926,Mauritania
1994,9.53519929,15.67939196,Mauritania
1995,9.693414925,16.20382721,Mauritania
1996,9.927812445,16.81163288,Mauritania
1997,10.08991833,17.34648293,Mauritania
1998,10.31481363,17.79853556,Mauritania
1999,10.43838543,18.03464011,Mauritania
2000,10.56254397,18.4081122,Mauritania
2001,10.87658485,18.83965417,Mauritania
2002,11.09931499,19.02997186,Mauritania
2003,11.45071555,19.37065567,Mauritania
2004,11.8450397,19.98270172,Mauritania
2005,12.20215104,20.46760968,Mauritania
2006,12.77262653,20.9919967,Mauritania
2007,13.41220746,21.61438503,Mauritania
2008,14.13531686,22.33741055,Mauritania
2009,14.89165922,23.24093157,Mauritania
2010,15.61983235,24.13089724,Mauritania
2011,16.42465631,25.10436038,Mauritania
2012,17.24435414,26.13669642,Mauritania
2013,18.06846319,27.2570662,Mauritania
2014,18.94497344,28.4361683,Mauritania
2015,19.89124463,29.70160102,Mauritania
2016,20.8416708,31.01807443,Mauritania
2017,21.81450052,32.28696737,Mauritania
1990,26.14762168,42.11964402,Mauritius
1991,25.45760441,43.34644693,Mauritius
1992,24.10149851,42.58741095,Mauritius
1993,25.69204721,45.57786125,Mauritius
1994,24.65291014,44.90388589,Mauritius
1995,22.78834163,44.84604082,Mauritius
1996,21.70113119,44.02698035,Mauritius
1997,20.61952302,40.54609294,Mauritius
1998,17.69245476,32.81935895,Mauritius
1999,16.45224528,30.53110653,Mauritius
2000,15.00174053,27.45816259,Mauritius
2001,16.27215596,28.50513994,Mauritius
2002,19.01712592,32.71834386,Mauritius
2003,20.70219687,35.64490604,Mauritius
2004,22.46098485,38.85153684,Mauritius
2005,25.18864131,43.54680659,Mauritius
2006,27.15982609,48.24359738,Mauritius
2007,28.32205735,50.08530217,Mauritius
2008,31.82689566,54.14543011,Mauritius
2009,33.80292441,55.44066778,Mauritius
2010,33.1214587,53.5528878,Mauritius
2011,33.67671917,53.08674858,Mauritius
2012,32.94841618,49.86618345,Mauritius
2013,34.24001709,47.56737072,Mauritius
2014,34.81251409,48.31157088,Mauritius
2015,37.27401345,51.482197,Mauritius
2016,39.78825806,50.69721782,Mauritius
2017,40.17912157,49.70514619,Mauritius
1990,53.61163243,141.354925,Morocco
1991,56.69138526,152.1548006,Morocco
1992,59.69371674,163.3907023,Morocco
1993,63.52233567,176.6643064,Morocco
1994,66.75364107,186.2748674,Morocco
1995,70.17793374,198.6292029,Morocco
1996,72.98972384,213.536558,Morocco
1997,77.07904715,229.5435903,Morocco
1998,80.59648662,243.9323518,Morocco
1999,84.59188015,262.0199275,Morocco
2000,85.76561742,278.8451612,Morocco
2001,89.12327046,298.1049749,Morocco
2002,91.84662241,308.3533485,Morocco
2003,96.14921276,318.440698,Morocco
2004,100.3567701,329.204341,Morocco
2005,105.2301417,340.3020423,Morocco
2006,110.1674768,351.7169995,Morocco
2007,116.0949871,366.720613,Morocco
2008,122.0475414,381.7882755,Morocco
2009,128.4889227,396.2224969,Morocco
2010,135.4251813,410.5506902,Morocco
2011,142.846404,424.2900013,Morocco
2012,151.0273349,436.7585863,Morocco
2013,158.9772512,450.101943,Morocco
2014,167.1759999,464.393521,Morocco
2015,175.5994487,478.4998195,Morocco
2016,184.6511102,493.2780219,Morocco
2017,193.2022855,506.0695789,Morocco
1990,105.620723,119.6874904,Mozambique
1991,106.484722,122.6283152,Mozambique
1992,107.9788913,126.7773901,Mozambique
1993,109.9828277,131.8330456,Mozambique
1994,110.8278571,134.947079,Mozambique
1995,112.48844,138.6338796,Mozambique
1996,115.0450524,143.6140529,Mozambique
1997,118.7557122,150.7991773,Mozambique
1998,120.6838674,154.4882377,Mozambique
1999,122.6184408,158.5713023,Mozambique
2000,124.7739186,164.5936001,Mozambique
2001,127.1095218,166.4724799,Mozambique
2002,131.5567813,171.6722812,Mozambique
2003,136.0616732,178.8487974,Mozambique
2004,141.0618652,189.4821608,Mozambique
2005,146.9771616,203.3869978,Mozambique
2006,154.2551202,218.9134745,Mozambique
2007,162.7440823,237.0056644,Mozambique
2008,169.7019745,254.8813525,Mozambique
2009,176.2482991,271.781759,Mozambique
2010,184.025534,292.3967695,Mozambique
2011,191.5286223,312.1694666,Mozambique
2012,199.3461629,333.0293613,Mozambique
2013,206.1673448,353.0628892,Mozambique
2014,213.3494103,374.0776594,Mozambique
2015,222.0545398,397.5910336,Mozambique
2016,229.5976454,420.179184,Mozambique
2017,235.3028591,437.7180808,Mozambique
1990,18.27653039,24.40932553,Namibia
1991,18.6368083,25.39115461,Namibia
1992,19.21347971,26.86773438,Namibia
1993,19.78213987,28.35818333,Namibia
1994,20.61081627,30.50054979,Namibia
1995,21.5809718,33.1295737,Namibia
1996,22.68181004,36.26770312,Namibia
1997,23.73918348,39.13997866,Namibia
1998,24.84444474,42.66942937,Namibia
1999,25.14203357,44.57270636,Namibia
2000,24.93011742,45.45644071,Namibia
2001,24.66885812,44.47111193,Namibia
2002,24.65570112,44.67669723,Namibia
2003,24.29888831,43.70121452,Namibia
2004,23.98865225,42.41531845,Namibia
2005,23.51062623,40.52302566,Namibia
2006,22.95997755,38.42371356,Namibia
2007,22.39860867,36.60367859,Namibia
2008,21.96327869,35.30319748,Namibia
2009,21.67256699,34.22697857,Namibia
2010,21.5477843,33.53894752,Namibia
2011,21.23660125,32.4100023,Namibia
2012,21.43756135,32.11588302,Namibia
2013,21.8631939,32.26206784,Namibia
2014,22.46520198,32.49653449,Namibia
2015,23.33791091,33.01397979,Namibia
2016,24.35087777,33.76197394,Namibia
2017,25.29210076,34.72128139,Namibia
1990,27.42971641,40.80450059,Niger
1991,27.84666841,42.00009157,Niger
1992,29.03932094,43.8886647,Niger
1993,30.20797311,45.67866321,Niger
1994,31.15861857,47.50043327,Niger
1995,32.43533759,49.85213506,Niger
1996,33.35116765,51.34117673,Niger
1997,34.64949765,53.79756917,Niger
1998,35.75831295,56.30314308,Niger
1999,36.91593657,57.89725981,Niger
2000,37.93982928,59.19692443,Niger
2001,38.47617789,61.03873725,Niger
2002,38.72930692,61.88637332,Niger
2003,39.36906206,63.1327196,Niger
2004,39.92604373,63.76945735,Niger
2005,41.0524625,65.24360952,Niger
2006,42.75378349,66.82742418,Niger
2007,44.56727102,67.77250331,Niger
2008,46.23890879,68.4628823,Niger
2009,48.70583784,69.9871128,Niger
2010,51.26650378,71.70337075,Niger
2011,53.93473078,74.21764111,Niger
2012,56.6193166,76.29353273,Niger
2013,59.55799201,78.96481193,Niger
2014,62.75217807,82.3074795,Niger
2015,65.68812838,85.89911787,Niger
2016,69.04512602,89.97164398,Niger
2017,72.16752078,93.96843512,Niger
1990,509.9557568,749.2808208,Nigeria
1991,520.7335774,783.1925443,Nigeria
1992,533.2855176,819.763407,Nigeria
1993,544.5551882,852.295541,Nigeria
1994,557.3760508,888.7510002,Nigeria
1995,570.5973607,932.9067176,Nigeria
1996,584.4475148,973.0603583,Nigeria
1997,595.2288744,1017.828493,Nigeria
1998,606.915676,1063.037734,Nigeria
1999,614.8273367,1108.131108,Nigeria
2000,636.6101778,1147.320661,Nigeria
2001,646.7044009,1189.816237,Nigeria
2002,657.2905842,1233.939592,Nigeria
2003,669.7905571,1275.845368,Nigeria
2004,684.1422831,1319.38497,Nigeria
2005,701.6273828,1352.054026,Nigeria
2006,720.2076665,1400.407085,Nigeria
2007,738.3046409,1444.042154,Nigeria
2008,753.9985554,1477.678581,Nigeria
2009,777.6092594,1532.803127,Nigeria
2010,809.3581894,1599.75127,Nigeria
2011,839.1202952,1662.602245,Nigeria
2012,875.5812116,1730.502127,Nigeria
2013,915.2502101,1793.325931,Nigeria
2014,964.5939395,1880.485558,Nigeria
2015,1009.132861,1972.265964,Nigeria
2016,1072.269375,2086.747291,Nigeria
2017,1122.194364,2161.42418,Nigeria
1990,60.04053416,66.57796013,Rwanda
1991,61.00604299,70.90463817,Rwanda
1992,62.81249712,76.48088448,Rwanda
1993,49.54438535,62.44441611,Rwanda
1994,41.74008339,54.0103228,Rwanda
1995,47.27029814,62.53294551,Rwanda
1996,54.61969761,74.76058299,Rwanda
1997,61.65760647,87.11810589,Rwanda
1998,59.98376468,87.02572273,Rwanda
1999,56.38118877,82.74968679,Rwanda
2000,52.92855015,77.56367577,Rwanda
2001,51.20310888,72.32566782,Rwanda
2002,50.227149,68.79861667,Rwanda
2003,50.27857417,66.89380839,Rwanda
2004,50.88704451,65.86019362,Rwanda
2005,51.46922119,64.92103524,Rwanda
2006,52.94614735,64.48654719,Rwanda
2007,54.56330413,64.17115269,Rwanda
2008,56.24969837,63.75213208,Rwanda
2009,58.19380659,63.5943672,Rwanda
2010,60.89984493,64.76189494,Rwanda
2011,63.42361516,65.82600117,Rwanda
2012,66.6225498,67.46833488,Rwanda
2013,69.95877002,69.19977241,Rwanda
2014,72.41598635,70.73601382,Rwanda
2015,74.63580223,72.49864801,Rwanda
2016,76.53839312,74.26337902,Rwanda
2017,79.46121974,77.20049052,Rwanda
1990,0.451267651,0.57361889,Sao Tome and Principe
1991,0.459241539,0.599682716,Sao Tome and Principe
1992,0.457775564,0.637548246,Sao Tome and Principe
1993,0.462318164,0.671905769,Sao Tome and Principe
1994,0.462543144,0.701955509,Sao Tome and Principe
1995,0.468848983,0.743763531,Sao Tome and Principe
1996,0.479973062,0.793170166,Sao Tome and Principe
1997,0.490207436,0.836428236,Sao Tome and Principe
1998,0.499500959,0.89393758,Sao Tome and Principe
1999,0.498038062,0.930470369,Sao Tome and Principe
2000,0.498365141,0.970073823,Sao Tome and Principe
2001,0.511372928,1.02465475,Sao Tome and Principe
2002,0.527632421,1.08717572,Sao Tome and Principe
2003,0.545180609,1.152282829,Sao Tome and Principe
2004,0.567369016,1.224465873,Sao Tome and Principe
2005,0.590526444,1.298066047,Sao Tome and Principe
2006,0.618271619,1.38291215,Sao Tome and Principe
2007,0.638142352,1.432585654,Sao Tome and Principe
2008,0.674513481,1.533155734,Sao Tome and Principe
2009,0.732250374,1.608524719,Sao Tome and Principe
2010,0.794098425,1.67547459,Sao Tome and Principe
2011,0.855244428,1.807764061,Sao Tome and Principe
2012,0.94148612,1.994263048,Sao Tome and Principe
2013,1.006460117,2.114965502,Sao Tome and Principe
2014,1.070146452,2.218595215,Sao Tome and Principe
2015,1.15556328,2.297734043,Sao Tome and Principe
2016,1.238082132,2.349477602,Sao Tome and Principe
2017,1.310028344,2.432731624,Sao Tome and Principe
1990,27.21733648,39.78943889,Senegal
1991,27.89711805,41.46023397,Senegal
1992,28.75413172,43.44298282,Senegal
1993,29.62981456,45.24677715,Senegal
1994,31.15028473,48.45446974,Senegal
1995,32.68642619,50.89036249,Senegal
1996,34.30062257,53.37364547,Senegal
1997,35.50864506,56.9220248,Senegal
1998,37.15667171,59.72278387,Senegal
1999,38.89550661,62.47841078,Senegal
2000,40.54885036,64.70429496,Senegal
2001,42.31004573,67.31213723,Senegal
2002,43.96845182,69.8024016,Senegal
2003,46.12315379,72.28607653,Senegal
2004,48.50150316,75.88515737,Senegal
2005,50.80139992,78.2070676,Senegal
2006,53.28190995,80.23018202,Senegal
2007,55.83174734,82.04356463,Senegal
2008,58.25014742,83.50972019,Senegal
2009,60.89888534,85.20775766,Senegal
2010,64.13451376,87.83565457,Senegal
2011,67.75991728,90.87365938,Senegal
2012,71.71597917,94.68157049,Senegal
2013,75.92220806,98.57270813,Senegal
2014,79.56505568,101.9990045,Senegal
2015,83.10764134,105.925391,Senegal
2016,86.32094337,109.3391686,Senegal
2017,90.11016864,113.3051127,Senegal
1990,0.287127244,0.603807174,Seychelles
1991,0.29489118,0.638727993,Seychelles
1992,0.30632821,0.679470499,Seychelles
1993,0.318366204,0.729987487,Seychelles
1994,0.329262906,0.778406218,Seychelles
1995,0.339561926,0.815595091,Seychelles
1996,0.349018199,0.853187954,Seychelles
1997,0.357940383,0.899751129,Seychelles
1998,0.367003197,0.952840221,Seychelles
1999,0.370316832,0.977371076,Seychelles
2000,0.371734332,1.01547957,Seychelles
2001,0.377839415,1.067760202,Seychelles
2002,0.383837459,1.058157667,Seychelles
2003,0.388007423,1.040473548,Seychelles
2004,0.393462478,1.051144513,Seychelles
2005,0.383719081,1.010455242,Seychelles
2006,0.374295007,0.949138645,Seychelles
2007,0.374393644,0.916465764,Seychelles
2008,0.376340737,0.885451335,Seychelles
2009,0.387258678,0.863884936,Seychelles
2010,0.398573317,0.851317105,Seychelles
2011,0.405691899,0.845368055,Seychelles
2012,0.416353397,0.870962115,Seychelles
2013,0.427000573,0.895506144,Seychelles
2014,0.447505734,0.924275167,Seychelles
2015,0.478379471,0.961611096,Seychelles
2016,0.518767732,1.046532249,Seychelles
2017,0.552739396,1.092102808,Seychelles
1990,14.00802646,22.10473815,Sierra Leone
1991,14.3623795,21.73541939,Sierra Leone
1992,14.77638495,21.88207525,Sierra Leone
1993,15.14645484,22.69533841,Sierra Leone
1994,15.49159245,23.28724884,Sierra Leone
1995,16.0937295,24.22612987,Sierra Leone
1996,16.65169583,25.49097642,Sierra Leone
1997,17.42697193,26.33203048,Sierra Leone
1998,17.87879887,27.16085824,Sierra Leone
1999,18.32219776,28.78407814,Sierra Leone
2000,18.87730541,30.74338047,Sierra Leone
2001,19.54757299,33.35778318,Sierra Leone
2002,20.35255074,36.16099427,Sierra Leone
2003,21.05288752,38.49992451,Sierra Leone
2004,21.83805121,40.64603405,Sierra Leone
2005,22.65653983,42.56661117,Sierra Leone
2006,23.5772922,44.59054585,Sierra Leone
2007,24.55095452,46.63254642,Sierra Leone
2008,25.41637392,48.40070093,Sierra Leone
2009,26.58610548,51.35398092,Sierra Leone
2010,27.92715448,54.75666122,Sierra Leone
2011,29.14022446,56.53180797,Sierra Leone
2012,30.7549988,60.62582715,Sierra Leone
2013,32.26831699,63.44621344,Sierra Leone
2014,33.79924002,66.8141574,Sierra Leone
2015,35.24081964,70.30571241,Sierra Leone
2016,36.83065146,74.02517113,Sierra Leone
2017,38.48595463,77.84656451,Sierra Leone
1990,32.93804035,40.26757812,Somalia
1991,34.98944577,41.80694309,Somalia
1992,37.89336162,46.50311764,Somalia
1993,40.79205579,51.49794665,Somalia
1994,43.28462496,55.40430275,Somalia
1995,45.7971584,59.25328111,Somalia
1996,47.92444961,61.62045632,Somalia
1997,49.99883723,63.38787427,Somalia
1998,51.88503898,64.74887301,Somalia
1999,52.7296948,64.16054013,Somalia
2000,53.26713615,62.88053128,Somalia
2001,53.79265965,61.51423814,Somalia
2002,54.81674638,61.00417686,Somalia
2003,56.1459931,61.00947878,Somalia
2004,57.57602837,61.26212486,Somalia
2005,59.02388843,61.77811764,Somalia
2006,60.74387915,63.43152324,Somalia
2007,62.62900061,65.39852184,Somalia
2008,64.6118086,67.60062591,Somalia
2009,66.38465804,70.08662703,Somalia
2010,67.77417887,72.30766198,Somalia
2011,68.46406081,74.48372301,Somalia
2012,69.20463374,77.31918522,Somalia
2013,69.79596794,80.58391432,Somalia
2014,70.31923204,84.35591062,Somalia
2015,70.93670461,88.81129857,Somalia
2016,71.22007736,93.33068762,Somalia
2017,71.5297284,97.91912794,Somalia
1990,452.8292886,2128.086319,South Africa
1991,486.6554874,2260.409292,South Africa
1992,529.1199667,2493.705613,South Africa
1993,561.468819,2471.326169,South Africa
1994,621.8026643,2659.922794,South Africa
1995,675.1459586,2801.130473,South Africa
1996,782.4585229,2959.895352,South Africa
1997,913.8584961,3637.642588,South Africa
1998,942.546639,3700.204774,South Africa
1999,921.4400774,3587.333064,South Africa
2000,917.4905957,3733.988184,South Africa
2001,845.2683148,3376.36811,South Africa
2002,804.51326,3295.33309,South Africa
2003,758.0078291,3118.944747,South Africa
2004,708.7463156,2816.883989,South Africa
2005,663.0194112,2426.419766,South Africa
2006,622.121652,2056.537289,South Africa
2007,570.4996951,1598.603973,South Africa
2008,523.2457914,1221.518042,South Africa
2009,498.6671343,984.1260527,South Africa
2010,481.7707238,809.0896181,South Africa
2011,474.0028776,665.6872077,South Africa
2012,470.4899397,582.1209958,South Africa
2013,475.8241083,532.9224406,South Africa
2014,496.0452725,524.7705195,South Africa
2015,526.210519,545.091578,South Africa
2016,553.6232008,609.1322753,South Africa
2017,545.7302118,717.0000851,South Africa
1990,30.5410711,27.12749204,South Sudan
1991,30.95095488,28.04294272,South Sudan
1992,32.06924113,30.26085864,South Sudan
1993,33.12362833,32.40096844,South Sudan
1994,33.85138235,34.05246255,South Sudan
1995,34.57024174,35.91758199,South Sudan
1996,34.57871518,37.1401377,South Sudan
1997,33.53979018,35.71000982,South Sudan
1998,33.22291665,36.45270726,South Sudan
1999,31.8799211,36.0612775,South Sudan
2000,30.622293,35.68582463,South Sudan
2001,29.40777269,33.50986572,South Sudan
2002,28.93131078,33.00973657,South Sudan
2003,29.04461662,34.37271263,South Sudan
2004,29.4097963,36.19621391,South Sudan
2005,29.59237899,37.28086445,South Sudan
2006,30.31062422,39.53962997,South Sudan
2007,30.85951766,41.04331242,South Sudan
2008,31.30902947,41.89124084,South Sudan
2009,31.80149341,42.91501729,South Sudan
2010,32.43606206,43.95168705,South Sudan
2011,33.14407569,44.79990581,South Sudan
2012,34.25069711,46.38039639,South Sudan
2013,35.41626877,46.89237567,South Sudan
2014,36.62596354,46.81387912,South Sudan
2015,38.09967786,46.85965918,South Sudan
2016,39.47027879,46.94319675,South Sudan
2017,40.97549788,48.11643342,South Sudan
1990,44.65865662,133.7869953,Sudan
1991,46.23329122,141.3602754,Sudan
1992,47.95594128,149.9788405,Sudan
1993,49.68095069,157.3965699,Sudan
1994,51.56750573,165.3988466,Sudan
1995,53.46595408,171.574631,Sudan
1996,55.34645345,177.6903149,Sudan
1997,57.18798173,184.8029224,Sudan
1998,58.96998736,191.7449938,Sudan
1999,59.96152805,198.1494855,Sudan
2000,60.40065759,204.1654038,Sudan
2001,61.71165148,209.8520797,Sudan
2002,63.08980181,214.4740687,Sudan
2003,64.53394025,217.5012972,Sudan
2004,66.28813402,224.6117274,Sudan
2005,68.24398401,233.8831548,Sudan
2006,70.26324016,242.0418521,Sudan
2007,72.50105509,250.916886,Sudan
2008,75.07565241,262.36605,Sudan
2009,77.90540876,274.5805555,Sudan
2010,80.95205629,286.187465,Sudan
2011,84.05289857,297.8274281,Sudan
2012,87.59141706,311.6331432,Sudan
2013,91.59684017,325.76859,Sudan
2014,96.12068934,341.1907587,Sudan
2015,100.9616175,357.5074282,Sudan
2016,106.2335683,374.7611774,Sudan
2017,111.6952128,393.183747,Sudan
1990,120.5553839,122.2625776,Tanzania
1991,124.3270287,129.2676429,Tanzania
1992,129.6551861,139.3111046,Tanzania
1993,134.6931009,151.0152065,Tanzania
1994,139.8771177,161.0083935,Tanzania
1995,144.0692265,169.881027,Tanzania
1996,148.3564844,179.1295453,Tanzania
1997,152.5170509,187.6431095,Tanzania
1998,155.5361606,196.4743449,Tanzania
1999,155.7061679,200.8087834,Tanzania
2000,154.5071363,203.8767624,Tanzania
2001,155.7730708,204.1867758,Tanzania
2002,159.046807,208.3217575,Tanzania
2003,162.8278258,215.2349913,Tanzania
2004,167.2145119,222.8647982,Tanzania
2005,171.976253,231.7213596,Tanzania
2006,177.9195743,242.3715381,Tanzania
2007,185.0938057,254.5856847,Tanzania
2008,191.9480171,265.7136756,Tanzania
2009,197.800969,275.3371081,Tanzania
2010,204.250462,284.8324405,Tanzania
2011,213.1211079,296.9674893,Tanzania
2012,224.7872005,313.0850392,Tanzania
2013,237.2885394,328.6988276,Tanzania
2014,249.7774995,342.1854294,Tanzania
2015,264.2979032,359.0826933,Tanzania
2016,277.596945,375.7360377,Tanzania
2017,291.7773712,390.4994487,Tanzania
1990,13.9600721,27.05170286,Togo
1991,14.67588738,29.07277936,Togo
1992,15.4855018,31.2496351,Togo
1993,16.44244468,33.76988498,Togo
1994,17.58751225,36.52111985,Togo
1995,18.74416305,39.20006016,Togo
1996,19.98949319,42.14568003,Togo
1997,21.14637725,45.4908205,Togo
1998,22.32629662,49.21573145,Togo
1999,23.32516672,51.09902541,Togo
2000,24.68911266,53.27001507,Togo
2001,25.93653886,56.11345513,Togo
2002,27.03424887,58.71173625,Togo
2003,28.64278134,62.38117201,Togo
2004,29.79614715,64.44876513,Togo
2005,31.33030104,67.21698751,Togo
2006,32.80940004,70.18691012,Togo
2007,34.43382783,73.2766894,Togo
2008,36.51334841,77.92766603,Togo
2009,38.34435859,81.41512103,Togo
2010,40.5421574,85.47045824,Togo
2011,42.76766743,89.19398485,Togo
2012,45.30838122,92.93804245,Togo
2013,47.92686232,96.3526589,Togo
2014,50.45283606,99.84874692,Togo
2015,52.92205915,103.4056153,Togo
2016,55.85015143,107.4151255,Togo
2017,59.0473291,111.5509896,Togo
1990,14.54887393,30.48603613,Tunisia
1991,15.85147131,34.83783638,Tunisia
1992,17.49027146,38.87273724,Tunisia
1993,18.96788987,43.87244298,Tunisia
1994,20.39992273,49.60109106,Tunisia
1995,22.04326509,54.60420047,Tunisia
1996,23.3386316,58.69043984,Tunisia
1997,24.9292899,64.30674572,Tunisia
1998,26.54207006,70.06631169,Tunisia
1999,27.49827246,74.55994947,Tunisia
2000,28.2243119,79.07438533,Tunisia
2001,28.99254057,83.18693038,Tunisia
2002,29.9962036,87.37176064,Tunisia
2003,31.07057362,92.08442839,Tunisia
2004,32.523733,96.12569534,Tunisia
2005,34.18182277,99.9726618,Tunisia
2006,36.02580811,103.8851317,Tunisia
2007,38.14315765,107.2403861,Tunisia
2008,40.50528896,110.2423693,Tunisia
2009,42.9982888,113.8047735,Tunisia
2010,45.66423139,117.5252265,Tunisia
2011,48.55367362,119.9522687,Tunisia
2012,51.4378488,122.6563724,Tunisia
2013,54.44723761,125.689487,Tunisia
2014,57.64352069,128.9937579,Tunisia
2015,61.00762102,132.582918,Tunisia
2016,64.35501641,136.2449326,Tunisia
2017,67.64011887,139.5448215,Tunisia
1990,57.91694152,58.60468041,Uganda
1991,62.99905154,66.13154544,Uganda
1992,66.78340219,70.79364589,Uganda
1993,71.76057536,77.63675318,Uganda
1994,76.63066694,85.10616663,Uganda
1995,81.53748666,91.35965729,Uganda
1996,85.22092927,98.74164702,Uganda
1997,87.95464493,102.9694072,Uganda
1998,90.68642539,108.7273941,Uganda
1999,91.63712004,110.6805141,Uganda
2000,90.33816748,115.4604023,Uganda
2001,92.77791837,119.4442949,Uganda
2002,94.05179651,120.8039579,Uganda
2003,94.85503401,122.559125,Uganda
2004,95.66573055,125.7641512,Uganda
2005,95.74945138,128.0707134,Uganda
2006,97.15240916,131.7515941,Uganda
2007,99.1814136,136.290689,Uganda
2008,101.1674382,138.9878178,Uganda
2009,104.4296623,144.2867983,Uganda
2010,107.2508861,149.0021972,Uganda
2011,112.3342138,155.9464491,Uganda
2012,118.1402347,163.9577797,Uganda
2013,124.0431332,172.5515239,Uganda
2014,129.027793,179.3945425,Uganda
2015,134.1146621,183.3948107,Uganda
2016,139.0414442,188.7407334,Uganda
2017,144.8376257,195.4692393,Uganda
1990,45.54781804,54.75750069,Zambia
1991,48.41435233,59.21246463,Zambia
1992,51.09845988,63.99889424,Zambia
1993,53.67855901,68.95387837,Zambia
1994,55.88221978,73.40100655,Zambia
1995,57.88526425,77.7144622,Zambia
1996,59.3203135,81.15436577,Zambia
1997,59.96598805,83.4528593,Zambia
1998,60.10172289,85.20381232,Zambia
1999,59.07938728,85.00351695,Zambia
2000,57.77452698,85.85437894,Zambia
2001,56.95022283,85.32723673,Zambia
2002,56.20400962,85.44289844,Zambia
2003,56.02725957,86.55640464,Zambia
2004,56.14767033,87.60098487,Zambia
2005,56.74563311,89.41416726,Zambia
2006,58.04045421,92.06357187,Zambia
2007,59.04945117,93.58529269,Zambia
2008,60.9964802,97.64197532,Zambia
2009,62.91285346,101.1228504,Zambia
2010,65.82816463,107.415118,Zambia
2011,68.89204619,112.9947963,Zambia
2012,71.79470536,117.7521954,Zambia
2013,74.85698554,122.6580658,Zambia
2014,78.44709843,129.0376751,Zambia
2015,83.10148568,137.2909313,Zambia
2016,87.88347082,146.1357459,Zambia
2017,92.69125417,154.1525405,Zambia
1990,35.74912277,44.96840438,Zimbabwe
1991,36.61977199,45.8013125,Zimbabwe
1992,39.12141324,49.4757314,Zimbabwe
1993,41.97987208,54.89604125,Zimbabwe
1994,45.75614847,64.60557721,Zimbabwe
1995,51.12423854,80.83840907,Zimbabwe
1996,53.07179784,88.54122703,Zimbabwe
1997,56.92941898,101.5368589,Zimbabwe
1998,62.0903498,118.2159111,Zimbabwe
1999,66.80016659,135.6638381,Zimbabwe
2000,71.86682348,158.3964393,Zimbabwe
2001,75.59367436,174.2844186,Zimbabwe
2002,80.04425484,195.7360395,Zimbabwe
2003,81.61963231,203.0581209,Zimbabwe
2004,83.69469434,212.7023797,Zimbabwe
2005,85.05327709,217.9509629,Zimbabwe
2006,86.41617332,219.4113245,Zimbabwe
2007,87.32173945,219.1020278,Zimbabwe
2008,88.17444913,217.3384179,Zimbabwe
2009,88.59254685,213.7524287,Zimbabwe
2010,88.44876878,208.8005789,Zimbabwe
2011,87.37548581,200.7258978,Zimbabwe
2012,86.86002671,196.4654274,Zimbabwe
2013,87.28503768,196.0040922,Zimbabwe
2014,88.42140003,197.8027128,Zimbabwe
2015,90.95539567,204.0399171,Zimbabwe
2016,93.74154563,210.0881479,Zimbabwe
2017,96.48854487,215.370022,Zimbabwe
